Country_Other,April16,April17,April18,April19,April20,April21,April22,April23,April24,April25,April26,April27,April28,April29,April30,May01,May02,May03,May04,May05,May06,May07,May08,May09,May10,May11,May12,May13,May14,May15,May16,May17,May18,May19,May20,May21,May22,May23,May24,May25,May26,May27,May28,May29,May30,May31,June01,June02,June03,June04,June05,June06,June07,June08,June09,June10,June11,June12,June13,June14,June15,June16,June17,June18,June19,June20,June21,June22,June23,June24,June25,June26,June27,June28,June29,June30,July01,July02,July03,July04,July05,July06,July07,July08,July09,July10,July11,July12,July13,July14,July15,July16,July17,July18,July19,July20,July21,July22,July23,July24,July25,July26,July27,July28,July29,July30,July31,August01,August02,August03,August04,August05,August06,August07,August08,August09,August10,August11,August12,August13,August14,August15,August16,August17,August18,August19,August20,August21
World,"56,602","56,963","55,265","54,225","56,763","57,254","56,686","58,696","58,531","58,202","57,600","56,297","56,965","59,817","50,956","51,355","50,860","50,040","49,639","49,256","48,214","48,962","48,703","47,685","47,040","46,939","46,340","45,921","45,566","45,007","44,827","44,823","44,764","45,428","45,800","45,620","44,583","53,562","53,224","53,167","53,101","52,973","53,975","53,735","53,503","53,409","53,407","54,527","54,202","55,461","53,576","53,587","53,752","53,798","54,022","53,812","53,902","53,888","54,092","54,119","54,567","54,593","54,451","54,482","54,791","54,503","54,737","57,887","57,912","58,415","57,628","57,643","57,748","57,670","57,531","57,787","57,987","58,134","58,838","58,530","58,538","57,978","58,195","58,325","58,460","58,896","58,831","58,925","58,871","59,579","59,617","59,934","60,142","59,907","59,809","59,807","63,786","66,173","66,261","66,233","66,170","66,266","66,564","66,504","66,397","66,380","65,530","65,698","65,798","64,732","65,434","65,511","65,218","65,131","65,144","64,852","64,552","64,464","64,663","64,617","64,591","64,437","64,485","62,029","61,924","61,917","61,822","61,828"
China,95,85,85,85,81,82,78,63,57,49,51,52,50,50,41,38,37,34,33,29,26,23,18,15,13,9,10,10,9,11,11,10,8,10,9,8,8,9,8,7,7,5,4,4,3,3,3,3,3,3,2,2,1,1,1,1,,,,,,3,5,7,11,11,13,10,11,10,13,8,8,8,8,7,7,7,7,5,5,5,6,5,4,4,3,3,3,3,3,3,3,3,3,5,7,6,6,7,6,6,6,6,6,6,41,39,36,35,36,36,34,36,42,43,41,44,40,41,39,36,34,30,27,26,24,20
USA,"13,369","13,509","13,551","13,566","13,951","14,016","14,016","14,997","15,097","15,110","15,143","14,186","15,298","18,671","15,226","16,481","16,475","16,139","16,050","16,179","15,827","16,995","16,978","16,816","16,514","16,484","16,473","16,349","16,240","16,139","16,248","16,355","16,868","17,249","17,815","17,902","17,109","17,133","17,135","17,114","17,158","17,166","17,202","17,204","17,163","17,075","16,949","17,114","16,939","17,083","17,121","17,021","16,923","16,907","16,952","16,838","16,827","16,613","16,744","16,704","16,716","16,695","16,644","16,503","16,533","16,529","16,477","16,510","16,507","16,541","15,723","15,765","15,816","15,825","15,864","15,935","15,898","15,907","15,928","16,017","16,038","15,198","15,371","15,457","15,645","15,777","15,819","15,822","15,934","16,337","16,459","16,452","16,660","16,673","16,552","16,616","16,710","19,179","19,155","19,098","18,984","18,986","19,100","18,992","18,852","18,783","18,687","18,720","18,623","18,725","18,407","18,424","18,296","18,051","18,020","17,812","17,589","17,339","17,320","17,239","17,217","17,186","17,237","17,190","16,966","16,875","16,817","16,801"
Spain,"7,371","7,371","7,371","7,371","7,371","7,705","7,705","7,705","7,705","7,705","7,764","7,764","7,764","7,764","2,676","2,500","2,386","2,386","2,254","2,254","2,075","2,075","2,075","1,741","1,650","1,650","1,534","1,534","1,376","1,320","1,208","1,152","1,152","1,152","1,152","1,152","1,152","1,152",854,854,854,854,854,617,617,617,617,617,617,617,617,617,617,617,617,617,617,617,617,617,617,617,617,617,617,617,617,617,617,617,617,617,617,617,617,617,617,617,617,617,617,617,617,617,617,617,617,617,617,617,617,617,617,617,617,617,617,617,617,617,617,617,617,617,617,617,617,617,617,617,617,617,617,617,617,617,617,617,617,617,617,617,617,617,617,617,522,541
Italy,"2,936","2,812","2,733","2,635","2,573","2,471","2,384","2,267","2,173","2,102","2,009","1,956","1,863","1,795","1,694","1,578","1,539","1,501","1,479","1,427","1,333","1,311","1,168","1,034","1,027",999,952,893,855,808,775,762,749,716,676,640,595,572,553,541,521,505,489,475,450,435,424,408,353,338,316,293,287,283,263,249,236,227,220,209,207,177,163,168,161,152,148,127,115,107,103,105,97,98,96,93,87,82,79,71,74,72,70,71,69,65,67,68,65,60,57,53,50,50,49,47,49,48,49,46,41,44,45,40,38,47,41,43,42,41,41,41,42,42,43,45,46,49,53,55,56,55,56,58,58,66,68,69
France,"6,248","6,027","5,833","5,744","5,683","5,433","5,218","5,053","4,870","4,725","4,682","4,608","4,387","4,207","4,019","3,878","3,827","3,819","3,696","3,430","3,147","2,961","2,868","2,812","2,776","2,712","2,542","2,428","2,299","2,203","2,132","2,087","1,998","1,894","1,794","1,745","1,701","1,665","1,655","1,609","1,555","1,501","1,429","1,361","1,325","1,319","1,302","1,253","1,210","1,163","1,094","1,059","1,053","1,024",955,933,903,879,871,869,846,820,772,752,727,715,715,701,682,658,651,651,634,634,634,602,582,573,560,560,560,548,538,503,512,496,496,496,492,492,482,481,477,477,477,477,455,445,436,410,410,410,398,385,385,380,371,371,371,371,384,384,384,383,383,383,383,383,379,379,367,367,367,384,384,384,384,379
Germany,"4,288","5,013","2,922","2,889","2,889","2,889","2,908","2,908","2,908","2,908","2,570","2,409","2,409","2,415","2,415","2,189","2,105","1,979","1,949","1,937","1,884","1,823","1,712","1,650","1,581","1,576","1,539","1,465","1,329","1,294","1,203","1,166","1,133","1,115","1,045","1,016",965,919,889,873,821,763,744,729,720,702,677,689,632,600,595,576,568,540,540,492,462,447,447,447,425,419,406,396,376,376,376,349,337,331,360,364,364,364,332,337,329,327,318,318,318,305,298,292,292,278,278,278,264,264,248,255,249,249,249,264,264,250,239,237,237,237,261,261,261,261,261,261,261,270,270,270,236,236,236,236,236,236,224,224,224,224,224,224,224,224,231,236
UK,"1,559","1,559","1,559","1,559","1,559","1,559","1,559","1,559","1,559","1,559","1,559","1,559","1,559","1,559","1,559","1,559","1,559","1,559","1,559","1,559","1,559","1,559","1,559","1,559","1,559","1,559","1,559","1,559","1,559","1,559","1,559","1,559","1,559","1,559","1,559","1,559","1,559","1,559","1,559","1,559","1,559","1,559","1,559","1,559","1,559","1,559","1,559","1,559","1,559",604,604,604,604,516,516,516,516,492,492,392,392,395,379,379,379,379,379,330,330,311,311,311,276,276,276,276,238,279,279,231,231,231,209,197,185,185,185,185,185,162,145,145,142,142,142,142,142,142,110,110,104,104,104,97,94,87,84,86,86,86,77,77,73,69,67,67,67,67,70,70,80,73,73,73,73,73,70,76
Turkey,"1,854","1,845","1,894","1,922","1,909","1,865","1,814","1,816","1,790","1,782","1,776","1,736","1,621","1,574","1,514","1,480","1,445","1,424","1,384","1,338","1,278","1,260","1,219","1,168","1,154","1,126","1,045",998,963,944,906,914,903,882,877,820,800,775,769,756,739,723,683,662,649,648,651,633,612,602,592,591,613,625,642,631,643,664,684,717,722,732,745,755,769,781,803,846,893,914,941,963,984,996,"1,018","1,026","1,035","1,067","1,082","1,093","1,127","1,130","1,152","1,172","1,179","1,182","1,194","1,209","1,223","1,204","1,206","1,213","1,226","1,231","1,246","1,243","1,246","1,244","1,251","1,248","1,252","1,249","1,263","1,280","1,280","1,280",582,586,582,580,583,582,580,586,587,596,603,617,632,647,656,668,679,686,703,719,735,749
Iran,"3,594","3,563","3,513","3,456","3,389","3,357","3,311","3,105","3,121","3,096","3,079","3,011","2,983","2,965","2,976","2,899","2,787","2,690","2,676","2,685","2,735","2,728","2,711","2,696","2,675","2,703","2,713","2,735","2,758","2,727","2,716","2,705","2,294","2,698","2,735","2,655","2,659","2,633","2,615","2,585","2,567","2,551","2,543","2,547","2,533","2,527","2,578","2,565","2,557","2,569","2,573","2,578","2,596","2,619","2,639","2,639","2,728","2,739","2,755","2,781","2,765","2,815","2,789","2,795","2,833","2,842","2,887","2,898","2,846","2,869","2,899","2,912","2,928","2,946","3,037","3,049","3,081","3,097","3,123","3,136","3,168","3,201","3,270","3,309","3,324","3,319","3,338","3,359","3,375","3,389","3,411","3,471","3,509","3,529","3,556","3,583","3,589","3,609","3,667","3,653","3,670","3,695","3,819","3,902","4,027","4,041","4,021","4,011","4,089","4,104","4,132","4,129","4,156","4,136","4,148","4,022","3,992","3,983","3,940","3,971","3,956","3,911","3,881","3,773","3,882","3,868","3,869","3,794"
Russia,8,8,8,8,700,700,700,"2,300","2,300","2,300","2,300","2,300","2,300","2,300","2,300","2,300","2,300","2,300","2,300","2,300","2,300","2,300","2,300","2,300","2,300","2,300","2,300","2,300","2,300","2,300","2,300","2,300","2,300","2,300","2,300","2,300","2,300","2,300","2,300","2,300","2,300","2,300","2,300","2,300","2,300","2,300","2,300","2,300","2,300","2,300","2,300","2,300","2,300","2,300","2,300","2,300","2,300","2,300","2,300","2,300","2,300","2,300","2,300","2,300","2,300","2,300","2,300","2,300","2,300","2,300","2,300","2,300","2,300","2,300","2,300","2,300","2,300","2,300","2,300","2,300","2,300","2,300","2,300","2,300","2,300","2,300","2,300","2,300","2,300","2,300","2,300","2,300","2,300","2,300","2,300","2,300","2,300","2,300","2,300","2,300","2,300","2,300","2,300","2,300","2,300","2,300","2,300","2,300","2,300","2,300","2,300","2,300","2,300","2,300","2,300","2,300","2,300","2,300","2,300","2,300","2,300","2,300","2,300","2,300","2,300","2,300","2,300","2,300"
Brazil,"6,634","6,634","6,634","6,634","7,919","8,318","8,318","8,318","8,318","8,318","8,318","8,318","8,318","8,318","8,318","8,318","8,318","8,318","8,318","8,318","8,318","8,318","8,318","8,318","8,318","8,318","8,318","8,318","8,318","8,318","8,318","8,318","8,318","8,318","8,318","8,318","8,318","8,318","8,318","8,318","8,318","8,318","8,318","8,318","8,318","8,318","8,318","8,318","8,318","8,318","8,318","8,318","8,318","8,318","8,318","8,318","8,318","8,318","8,318","8,318","8,318","8,318","8,318","8,318","8,318","8,318","8,318","8,318","8,318","8,318","8,318","8,318","8,318","8,318","8,318","8,318","8,318","8,318","8,318","8,318","8,318","8,318","8,318","8,318","8,318","8,318","8,318","8,318","8,318","8,318","8,318","8,318","8,318","8,318","8,318","8,318","8,318","8,318","8,318","8,318","8,318","8,318","8,318","8,318","8,318","8,318","8,318","8,318","8,318","8,318","8,318","8,318","8,318","8,318","8,318","8,318","8,318","8,318","8,318","8,318","8,318","8,318","8,318","8,318","8,318","8,318","8,318","8,318"
Canada,557,557,557,557,557,557,557,557,557,557,557,557,557,557,557,557,557,557,557,502,502,502,502,502,502,502,502,502,502,502,502,502,502,502,502,502,502,502,502,502,502,502,"1,613","1,618","1,618","1,641","1,648","1,709","1,721","1,727","1,738","1,738","1,816","1,828","1,864","1,864","1,878","1,929","1,937","1,937","1,942","1,971","1,982","1,990","1,990","2,014","2,026","2,048","2,058","2,058","2,077","2,085","2,087","2,090","2,089","2,103","2,103","2,110","2,118","2,125","2,128","2,128","2,150","2,151","2,152","2,155","2,156","2,158","2,159","2,170","2,173","2,177","2,177","2,177","2,177","2,183","2,193","2,196","2,219","2,221","2,224","2,224","2,225","2,237","2,237","2,240","2,249","2,249","2,253","2,253","2,254","2,263","2,263","2,276","2,281","2,281","2,282","2,289","2,292","2,291","2,296","2,296","2,296",67,67,61,61,62
Belgium,"1,182","1,140","1,119","1,081","1,071","1,079","1,020",993,970,934,891,903,876,797,769,740,689,674,655,646,646,538,508,502,476,478,465,420,407,380,364,371,342,345,313,277,268,259,256,251,249,220,208,187,173,168,163,166,172,143,137,121,111,116,115,102,99,89,88,82,84,76,67,60,55,50,50,50,42,41,40,38,35,35,35,41,37,37,35,32,32,32,27,32,32,36,32,32,32,23,27,27,28,28,28,28,36,35,41,40,41,45,47,52,49,47,42,48,56,57,54,63,61,65,69,69,69,73,77,76,74,80,82,86,90,89,83,82
Netherlands,"1,279","1,279","1,279","1,176","1,158","1,087","1,050","1,008",963,959,934,905,861,804,783,735,708,688,683,644,628,584,564,541,507,498,463,432,410,378,346,349,323,293,275,255,252,227,223,223,188,188,182,180,170,159,158,154,116,113,97,97,97,92,92,80,77,77,77,77,87,87,73,67,57,57,55,55,48,48,48,39,29,29,30,30,30,28,28,28,18,18,18,24,20,20,20,20,20,20,20,15,15,15,17,17,16,16,16,16,16,16,16,21,21,27,19,22,21,27,27,45,37,38,38,38,40,30,35,49,38,39,36,54,42,54,51,56
Switzerland,386,386,386,386,386,386,386,386,386,204,204,185,185,185,167,167,141,141,141,121,121,121,101,101,101,89,89,79,79,69,69,69,57,57,55,55,51,51,50,47,41,42,36,32,27,28,28,29,25,27,29,28,28,29,24,21,18,18,15,15,15,15,18,18,17,16,16,16,12,12,12,12,11,11,11,11,14,15,15,15,15,17,17,16,16,16,17,17,18,19,20,21,20,22,22,22,23,25,25,20,20,20,20,22,20,24,27,25,25,25,24,24,23,21,21,21,21,22,23,25,26,26,26,21,15,14,15,14
India,0,0,0,0,0,0,0,0,0,0,0,,,,,,,,,,,,,,,,,,,,,,,,,,,"8,944","8,944","8,944","8,944","8,944","8,944","8,944","8,944","8,944","8,944","8,944","8,944","8,944","8,944","8,944","8,944","8,944","8,944","8,944","8,944","8,944","8,944","8,944","8,944","8,944","8,944","8,944","8,944","8,944","8,944","8,944","8,944","8,944","8,944","8,944","8,944","8,944","8,944","8,944","8,944","8,944","8,944","8,944","8,944","8,944","8,944","8,944","8,944","8,944","8,944","8,944","8,944","8,944","8,944","8,944","8,944","8,944","8,944","8,944","8,944","8,944","8,944","8,944","8,944","8,944","8,944","8,944","8,944","8,944","8,944","8,944","8,944","8,944","8,944","8,944","8,944","8,944","8,944","8,944","8,944","8,944","8,944","8,944","8,944","8,944","8,944","8,944","8,944","8,944","8,944","8,944"
Peru,169,137,117,167,385,380,396,396,505,545,554,598,600,623,651,658,671,679,694,709,717,722,730,748,774,785,797,806,842,851,840,850,866,883,869,886,886,909,920,909,923,926,926,926,960,988,988,964,964,"1,005","1,005","1,062","1,062","1,062","1,077","1,065","1,065","1,089","1,113","1,113","1,121","1,121","1,111","1,130","1,130","1,143","1,143","1,144","1,144","1,166","1,144","1,172","1,172","1,178","1,183","1,185","1,185","1,220","1,210","1,210","1,210","1,236","1,265","1,265","1,292","1,292","1,315","1,315","1,314","1,325","1,325","1,302","1,314","1,311","1,293","1,303","1,342","1,351","1,372","1,389","1,402","1,424","1,439","1,423","1,427","1,421","1,414","1,416","1,410","1,419","1,419","1,418","1,426","1,460","1,474","1,488","1,484","1,496","1,501","1,525","1,553","1,540","1,533","1,524","1,527","1,516","1,519","1,530"
Portugal,229,222,228,224,215,213,207,204,188,186,182,176,172,169,172,154,150,144,143,134,136,135,127,120,112,112,113,103,108,112,115,108,105,101,93,93,84,80,78,72,71,66,65,66,66,64,64,58,56,58,58,58,58,55,65,70,70,73,77,73,73,71,71,67,67,70,69,72,72,73,67,67,67,75,71,73,79,77,72,73,73,73,76,74,74,66,68,64,63,69,68,72,67,65,61,61,62,59,59,52,50,48,45,41,41,42,41,40,41,42,44,41,42,36,33,33,29,29,40,39,39,37,39,39,38,35,39,41
Ecuador,168,168,168,124,124,137,141,141,127,127,127,146,146,146,146,149,149,149,159,159,156,156,156,181,181,181,181,190,196,197,197,189,186,221,191,191,191,208,208,211,211,219,220,220,220,220,220,252,252,252,252,252,222,228,219,219,219,219,219,230,230,230,230,230,234,234,273,273,273,273,288,288,288,288,288,288,288,288,288,288,288,288,288,288,310,308,308,308,308,313,313,313,313,342,342,342,347,313,313,346,278,350,350,350,350,350,350,369,363,366,366,378,378,365,369,369,369,348,348,355,343,352,376,339,366,365,331,350
Ireland,156,156,294,294,294,315,147,147,142,142,142,146,141,129,123,123,99,98,93,93,93,93,76,72,72,72,72,69,69,69,69,54,54,54,54,54,54,54,54,54,54,54,47,47,42,36,36,36,36,36,36,36,36,34,34,34,28,28,28,28,28,28,28,28,16,17,17,17,17,9,9,12,12,12,12,12,12,12,12,12,12,12,12,12,12,9,9,9,9,9,9,9,8,8,8,9,7,6,6,5,5,5,6,6,4,4,4,4,4,4,5,5,5,5,6,6,7,7,6,6,8,8,8,8,8,6,6,6
Sweden,522,482,"1,054",450,521,515,515,533,547,547,399,399,524,479,531,531,531,403,455,435,425,425,425,425,360,360,360,351,351,351,278,287,287,287,352,352,265,265,249,304,304,264,280,289,190,228,267,283,308,"2,143",265,198,198,298,288,288,272,272,272,272,272,272,272,272,272,272,272,200,193,193,193,171,171,171,171,144,144,144,124,124,124,124,103,92,90,85,85,85,86,81,81,81,62,62,56,48,58,58,58,50,50,50,49,46,43,41,40,40,40,37,38,41,38,34,34,34,34,35,33,30,31,31,31,30,27,29,27,26
Saudi Arabia,71,74,78,97,88,81,82,93,93,115,115,117,118,125,123,117,139,139,143,143,137,145,141,140,143,149,147,147,156,167,166,202,237,251,276,281,302,339,372,384,384,384,384,384,384,384,384,"1,264","1,321","1,321","1,321","1,484","1,564","1,632","1,686","1,693","1,738","1,820","1,843","1,855","1,897","1,897","1,859","1,877","1,941","1,955","2,027","2,045","2,122","2,129","2,206","2,273","2,283","2,277","2,285","2,278","2,272","2,287","2,291","2,295","2,283","2,254","2,268","2,263","2,225","2,220","2,230","2,245","2,235","2,235","2,221","2,206","2,188","2,182","2,180","2,196","2,184","2,143","2,170","2,143","2,120","2,120","2,126","2,103","2,063","2,044","2,033","2,016","2,011","2,017","1,983","1,991","1,915","1,892","1,828","1,816","1,824","1,821","1,826","1,805","1,782","1,766","1,774","1,758","1,716","1,725","1,682","1,675"
Israel,181,168,164,146,149,139,141,139,137,127,133,129,116,115,105,103,105,103,70,89,89,83,78,78,74,66,67,61,62,60,59,50,52,50,48,47,47,47,45,43,43,39,41,37,39,39,33,31,28,27,30,29,27,27,29,31,24,34,33,34,32,36,36,38,39,40,43,44,40,46,47,46,41,39,43,52,57,65,77,84,86,88,86,113,122,130,134,151,183,183,204,202,208,217,252,264,256,273,301,308,310,303,311,316,328,328,320,328,342,331,341,345,358,369,388,395,388,375,369,371,375,387,382,399,404,398,389,390
Austria,238,227,208,204,194,196,176,169,156,148,145,140,136,131,128,124,114,114,111,104,97,92,81,79,72,68,59,55,54,47,50,48,45,39,37,32,31,28,29,31,32,32,30,25,23,27,29,26,21,22,20,17,17,17,19,17,13,9,11,12,15,12,11,8,7,8,8,10,11,11,11,10,10,9,8,6,9,7,7,8,10,11,10,11,12,9,9,10,8,9,10,11,11,11,14,16,18,18,15,17,16,15,16,15,20,18,16,19,20,21,23,25,25,25,24,22,24,25,25,22,19,21,19,23,19,20,21,22
Mexico,207,207,207,207,207,378,378,378,378,378,378,378,378,378,378,378,378,378,378,378,378,378,378,378,378,378,378,378,378,378,378,378,378,378,378,378,378,378,378,378,378,378,378,378,378,378,378,378,378,378,378,378,378,378,378,378,378,378,378,378,378,378,378,378,378,378,378,378,378,378,378,378,378,378,378,378,378,378,378,378,378,378,378,378,378,378,378,378,378,378,378,378,378,378,378,378,"3,909","3,812","3,883","3,878","3,889","3,922","3,922","3,922","3,922","3,922","3,922","3,985","3,994","3,944","3,883","3,925","3,951","3,987","3,864","3,892","3,708","3,683","3,832","3,775","3,675","3,646","3,653","3,489","3,536","3,646","3,480","3,503"
Singapore,29,22,23,22,23,23,27,26,26,24,22,20,20,22,22,23,24,22,22,24,23,19,22,23,23,24,20,19,20,18,16,16,12,10,11,10,8,8,8,8,8,7,7,8,7,8,7,6,5,5,4,4,3,4,3,3,2,2,1,2,2,2,2,2,2,1,1,1,1,1,1,1,1,1,1,1,1,1,1,2,2,2,1,1,1,1,1,1,1,,,,,,,,,,,,,,,,,,,,,1,1,1,,,,,,,,,,,,,,,,0
Japan,193,193,221,217,217,232,241,259,263,287,296,300,300,306,308,328,324,321,328,308,308,308,300,287,287,267,249,243,259,245,232,230,228,213,210,195,176,174,168,165,155,147,136,131,123,119,115,113,101,102,98,99,98,99,92,91,88,82,76,73,71,80,70,62,62,61,59,59,62,60,58,51,48,45,43,43,40,37,33,32,33,34,36,35,38,31,33,32,34,40,38,37,39,41,43,47,52,55,59,68,64,66,67,76,81,90,87,80,83,87,88,104,115,131,140,156,162,171,177,203,211,229,232,243,243,239,237,243
Chile,384,384,360,360,377,392,399,411,408,418,418,426,426,377,392,392,425,408,464,470,470,493,508,544,544,574,494,494,663,584,751,769,807,876,904,943,986,"1,062","1,090","1,135","1,202","1,251","1,289","1,350","1,371","1,383","1,446","1,446","1,446","1,496","1,521","1,524","1,558","1,558","1,689","1,689","1,689","1,689","1,656","1,715","1,723","1,727","1,794","1,845","1,911","1,951","1,996","2,014","2,009","2,046","2,078","2,086","2,090","2,090","2,090","2,106","2,106","2,099","2,099","2,077","2,078","2,069","2,060","2,053","1,999","1,990","1,999","1,995","1,995","1,915","1,915","1,821","1,796","1,792","1,764","1,764","1,728","1,688","1,670","1,636","1,636","1,592","1,555","1,529","1,529","1,529","1,445","1,445","1,437",235,"1,405","1,400","1,358","1,348","1,305","1,276","1,276","1,268","1,268","1,259","1,252","1,207","1,190","1,177","1,157","1,120","1,077","1,072"
Pakistan,46,46,46,46,46,46,58,60,111,111,111,111,111,111,111,111,111,111,111,111,111,111,111,111,111,111,111,111,111,111,111,111,111,111,111,111,111,111,111,111,111,111,111,111,111,111,111,111,111,111,111,111,111,111,111,111,111,111,111,111,111,111,111,111,111,111,111,"3,219","3,236","3,337","3,003","2,765","2,729","2,805","2,437","2,689","2,741","2,723","2,479","2,460","2,419","2,406","2,306","2,236","2,193","2,375","2,156","2,118","1,837","2,151","2,078","1,942","1,895","1,604","1,763","1,552","1,481","1,436","1,382","1,316","1,294","1,267","1,229","1,217","1,179","1,179","1,146","1,146","1,064","1,064","1,013",872,809,826,801,791,776,780,785,783,774,768,769,771,759,743,725,722
Poland,160,160,160,160,160,160,160,160,160,160,160,160,160,160,160,160,160,160,160,160,160,160,160,160,160,160,160,160,160,160,160,160,160,160,160,160,160,160,160,160,160,160,160,160,160,160,160,160,160,160,160,160,160,160,160,160,75,77,77,83,78,80,76,72,87,72,71,72,68,65,74,77,80,83,86,85,78,73,72,74,77,76,73,66,65,66,67,65,69,74,73,68,71,66,67,72,73,73,71,61,61,61,69,61,66,63,72,74,76,74,65,72,72,73,72,73,71,74,76,82,79,84,81,83,82,83,85,84
Romania,243,258,248,256,261,245,288,236,241,235,236,227,243,247,221,249,265,255,243,244,244,234,232,245,242,255,238,228,225,219,206,205,193,195,198,203,200,196,188,177,181,198,182,182,160,160,159,166,162,153,152,153,144,146,152,150,153,171,171,165,175,173,161,178,184,190,195,195,200,186,199,186,199,217,210,205,222,237,224,223,215,227,231,237,240,236,239,243,235,234,248,261,273,280,286,293,297,293,285,301,315,351,353,357,377,402,409,401,412,419,436,464,458,446,448,458,476,485,485,478,473,473,479,497,479,480,489,489
S. Korea,55,55,55,55,55,55,55,55,55,55,55,55,55,55,55,55,55,55,55,55,55,55,55,55,55,55,55,55,55,55,55,55,55,15,15,15,15,15,15,15,15,15,15,15,15,15,15,15,15,15,15,15,15,15,15,15,15,15,15,15,15,15,15,15,15,15,15,15,15,15,15,15,15,15,15,15,15,15,15,15,15,15,15,15,15,15,15,15,15,15,15,15,15,15,15,19,21,21,18,16,15,15,14,12,12,13,13,13,13,13,13,14,18,18,17,16,16,15,15,15,14,14,13,13,9,12,12,18
Belarus,65,65,65,65,92,92,92,92,92,92,92,92,92,92,92,92,92,92,92,92,92,92,92,92,92,92,92,92,92,92,92,92,92,92,92,92,92,92,92,92,92,92,92,92,92,92,92,92,92,92,92,92,92,92,92,92,92,92,92,92,92,92,92,92,92,92,89,89,89,89,89,89,89,89,89,89,89,89,89,89,89,89,89,89,89,89,89,89,89,89,89,89,89,89,89,89,89,89,89,89,89,89,89,,,,,,,,,,,,,,,,,,,,,,,,,0
UAE,1,1,1,1,1,1,1,1,1,1,1,1,1,1,1,1,1,1,1,1,1,1,1,1,1,1,1,1,1,1,1,1,1,1,1,1,1,1,1,1,1,1,1,1,1,1,1,1,1,1,1,1,1,1,1,1,1,1,1,1,1,1,1,1,1,1,1,1,1,1,1,1,1,1,1,1,1,1,1,1,1,1,1,1,1,1,1,1,1,1,1,1,1,1,1,1,1,1,,,,,,,,,,,,,,,,,,,,,,,,,,,,,,0
Qatar,37,37,37,37,37,37,37,72,72,72,72,72,72,72,72,72,72,72,72,72,72,72,72,72,72,72,72,72,72,72,158,165,172,172,172,171,175,177,188,202,205,203,214,216,217,232,240,239,237,239,238,238,245,241,236,226,230,229,232,231,238,244,240,230,221,224,221,219,225,219,212,200,205,201,203,200,190,187,185,176,175,164,154,154,145,139,141,140,139,137,135,135,132,132,128,126,119,113,113,101,98,89,92,92,97,91,77,75,76,75,73,75,77,82,78,80,75,77,75,74,71,69,74,69,68,66,64,66
Indonesia,0,0,0,0,0,0,0,0,0,0,0,,,,,,,,,,,,,,,,,,,,,,,,,,,,,,,,,,,,,,,,,,,,,,,,,,,,,,,,,,,,,,,,,,,,,,,,,,,,,,,,,,,,,,,,,,,,,,,,,,,,,,,,,,,,,,,,,,,,,0
Ukraine,45,45,45,45,45,45,45,45,45,104,107,110,121,129,138,143,151,158,160,167,169,178,178,190,201,207,211,218,222,225,231,238,240,245,245,249,256,256,256,256,259,259,263,267,273,278,283,286,292,297,298,301,304,304,304,306,306,306,306,314,314,319,327,327,343,345,350,353,364,367,372,378,386,91,83,92,97,98,105,102,105,103,106,91,85,101,105,89,81,104,93,79,92,96,93,89,89,84,88,91,91,91,82,101,99,102,114,124,128,125,132,136,158,143,143,143,127,132,129,123,138,138,138,138,138,177,177,177
Denmark,92,93,76,84,84,81,80,74,69,70,70,72,66,66,62,61,60,62,57,49,46,43,43,39,40,43,43,37,35,32,28,27,26,25,25,23,23,19,21,20,23,22,20,18,20,20,20,21,20,17,17,15,15,16,15,17,14,14,11,11,10,9,6,6,6,6,6,7,8,8,9,11,11,11,9,10,11,9,6,6,6,7,5,5,5,4,4,4,3,3,6,5,5,5,5,3,4,4,3,3,3,3,3,3,3,3,3,3,3,2,3,2,2,2,2,2,2,2,1,1,1,1,,1,1,1,1,1
Serbia,120,120,126,120,108,101,101,96,96,91,85,85,79,78,71,65,57,54,53,51,48,46,45,43,43,29,23,22,22,20,17,18,16,15,13,12,12,12,12,12,11,10,9,8,10,10,9,10,12,15,12,14,15,15,15,14,14,14,15,15,15,15,17,17,18,18,19,19,19,21,24,26,32,31,36,42,73,81,85,86,81,93,110,118,120,130,139,144,154,170,169,177,184,187,187,190,198,205,185,167,170,169,171,156,143,150,162,159,146,146,143,132,120,118,121,106,107,91,87,78,78,75,73,68,64,57,52,52
Philippines,1,1,1,1,1,1,1,1,1,1,1,31,31,31,31,31,31,31,31,31,31,31,31,31,31,31,31,77,77,77,79,79,81,81,81,81,81,81,81,81,81,81,81,81,56,73,73,78,78,82,82,82,82,82,82,82,82,82,82,82,417,417,417,417,417,82,82,82,82,82,82,137,147,149,152,148,167,170,166,166,166,166,166,213,213,333,333,333,333,333,333,647,647,522,351,351,351,351,351,351,351,351,351,351,351,351,351,351,351,351,239,239,239,239,239,239,239,389,389,389,461,461,461,461,489,489,717,717
Norway,64,63,63,58,58,58,54,50,53,50,49,52,44,40,37,37,37,37,27,27,27,27,27,24,22,22,23,23,23,20,20,20,18,16,17,14,13,13,12,14,11,11,10,8,8,8,8,9,6,6,5,5,5,5,5,2,4,5,5,5,7,7,6,5,5,5,6,7,7,6,6,4,4,4,4,2,3,3,3,3,3,3,3,3,2,2,2,2,1,1,1,1,1,1,1,1,1,1,1,1,1,1,2,2,2,2,1,1,1,1,1,1,3,2,2,2,2,2,2,2,2,2,2,1,1,1,1,0
Czechia,75,82,86,84,84,75,80,76,76,71,79,73,73,71,68,67,67,62,58,59,59,52,258,47,40,40,42,43,42,37,39,39,36,33,36,36,29,29,29,24,24,18,21,19,19,15,15,17,12,12,12,12,12,9,11,11,10,14,14,14,12,12,12,12,9,9,9,9,9,9,13,13,11,10,29,12,12,12,12,14,14,14,13,12,12,12,12,12,15,21,19,18,18,21,19,18,18,22,22,22,22,15,15,16,16,22,22,19,21,19,19,19,17,17,17,17,17,17,24,24,24,24,26,26,29,23,24,22
Australia,66,60,55,48,49,49,47,45,43,43,42,43,42,38,34,28,28,29,28,27,27,23,21,19,17,16,16,17,18,17,16,16,12,11,9,9,7,5,5,5,5,6,5,4,4,4,3,4,5,4,2,2,3,3,2,3,2,2,2,3,4,4,3,2,2,2,2,2,2,3,2,1,1,1,1,1,2,5,7,4,4,6,10,8,10,13,16,17,18,28,28,30,32,26,29,32,38,42,41,42,46,46,49,50,46,39,45,50,46,43,44,47,52,51,53,51,51,55,51,51,47,47,47,51,52,52,51,47
Dominican Republic,121,146,146,114,128,126,135,135,135,136,144,144,144,144,144,144,144,144,144,144,144,133,134,134,134,134,131,131,131,127,127,127,127,136,126,113,113,113,113,123,123,123,123,106,106,110,110,110,110,110,110,110,110,110,110,110,110,110,110,124,145,145,137,162,167,174,165,175,173,182,181,181,198,201,202,207,200,200,193,193,193,208,208,208,208,226,226,226,226,226,246,246,246,245,245,244,244,246,246,246,267,267,268,279,286,284,284,284,385,385,385,304,317,317,317,317,309,293,300,303,303,303,303,295,296,288,288,287
Malaysia,56,51,49,46,45,43,43,42,41,36,36,37,36,40,40,37,31,27,28,24,22,19,18,18,18,20,16,16,16,14,13,13,13,11,11,10,9,9,9,8,8,8,8,8,9,9,8,6,6,6,6,5,5,6,6,5,5,4,4,4,4,4,4,4,3,3,3,2,3,2,2,2,2,2,4,4,4,2,2,2,2,2,2,2,2,2,3,3,4,6,5,3,3,1,2,3,4,5,5,5,5,2,,1,2,3,3,2,2,1,1,2,2,2,2,1,1,2,1,2,4,6,7,8,8,7,7,7
Panama,106,99,96,96,98,98,94,97,86,87,85,85,89,89,92,86,85,85,91,93,88,88,85,85,85,87,87,87,87,72,72,72,72,72,72,72,72,72,72,72,72,72,72,79,78,79,78,78,75,75,77,82,84,87,90,90,96,96,96,102,102,107,107,107,107,107,129,132,132,130,130,148,148,140,140,140,140,140,146,146,146,146,160,160,160,160,160,160,160,157,157,166,166,173,175,175,164,158,158,158,158,158,158,158,158,161,161,166,164,164,161,161,161,161,161,157,157,157,162,158,153,156,159,159,153,157,154,153
Bangladesh,1,1,1,1,1,1,1,1,1,1,1,1,1,1,1,1,1,1,1,1,1,1,1,1,1,1,1,1,1,1,1,1,1,1,1,1,1,1,1,1,1,1,1,1,1,1,1,1,1,1,1,1,1,1,1,1,1,1,1,1,1,1,1,1,1,1,1,1,1,1,1,1,1,1,1,1,1,1,1,1,1,1,1,1,1,1,1,1,1,1,1,1,1,1,1,1,1,1,1,1,1,1,1,1,1,1,1,1,,,,,,,,,,,,,,,,,,,,0
Colombia,98,98,98,98,98,98,98,98,117,117,117,118,118,118,118,118,118,118,120,128,123,123,130,130,130,130,130,130,130,137,136,136,136,136,136,136,136,136,136,136,136,136,136,136,136,136,136,136,136,335,335,335,335,335,335,335,335,335,335,335,335,335,335,335,335,335,335,335,335,335,335,335,335,335,335,335,335,335,335,841,841,841,841,875,875,875,875,875,875,875,875,"1,027","1,027","1,040","1,040","1,040","1,456","1,456","1,456","1,493","1,493","1,493","1,493","1,493","1,493","1,493","1,493","1,493","1,493","1,493","1,493","1,493","1,493","1,493","1,493","1,493","1,493","1,493","1,493","1,493","1,493","1,493","1,493","1,493","1,493","1,493","1,493","1,493"
Finland,76,73,70,68,67,63,63,60,61,60,62,56,56,51,48,49,52,49,49,48,44,44,45,45,45,44,34,35,33,32,30,30,34,25,20,22,21,21,19,18,11,11,11,10,11,10,9,9,7,7,8,7,6,6,4,4,4,3,2,1,3,2,2,2,2,2,2,2,2,2,2,1,1,1,1,,,,,,,1,1,2,2,2,2,2,1,1,1,,1,1,1,1,1,1,1,,,,,,,,,,,,1,1,,,,,1,1,1,1,,,,,,,,0
South Africa,7,7,36,36,36,36,36,36,36,36,36,36,36,36,36,36,36,36,36,36,36,36,77,77,77,77,77,119,119,119,119,119,119,119,119,119,119,119,128,128,128,128,128,128,128,128,128,208,208,208,208,208,208,208,208,208,208,208,208,208,208,208,208,208,208,208,208,208,208,539,539,539,539,539,539,539,539,539,539,539,539,539,539,539,539,539,539,539,539,539,539,539,539,539,539,539,539,539,539,539,539,539,539,539,539,539,539,539,539,539,539,539,539,539,539,539,539,539,539,539,539,539,539,539,539,539,539,539
Egypt,0,0,0,0,0,0,0,0,0,0,0,,,,,,,,,,,41,41,41,41,41,41,41,41,41,41,41,41,41,41,41,41,41,41,41,41,41,41,41,41,41,41,41,41,41,41,41,41,41,41,41,41,41,41,41,41,41,41,41,41,41,41,41,41,41,41,41,41,41,41,41,41,41,41,41,41,41,41,41,41,41,41,41,41,41,41,41,41,41,41,41,41,41,41,41,41,41,41,41,41,41,41,41,41,41,41,41,41,41,41,41,41,41,41,41,41,41,41,41,41,41,41,41
Morocco,1,1,1,1,1,1,1,1,1,1,1,1,1,1,1,1,1,1,1,1,1,1,1,1,1,1,1,1,1,1,1,1,1,1,1,1,1,1,1,1,1,1,1,1,18,18,18,13,13,15,15,15,15,15,15,15,7,7,7,7,7,7,7,7,7,7,7,7,7,7,7,7,7,7,7,7,7,7,7,19,19,19,19,19,19,19,19,19,31,31,31,31,31,31,31,31,31,31,31,31,31,31,31,31,31,31,31,31,31,31,31,31,31,31,31,31,31,31,31,31,31,31,31,31,31,31,31,31
Argentina,121,126,127,123,123,123,123,123,123,144,144,144,144,144,157,157,157,157,157,148,148,148,148,148,148,148,170,170,170,170,170,154,154,154,154,171,171,171,171,171,171,171,171,259,259,259,274,274,274,274,274,274,274,274,274,274,274,274,274,274,274,274,274,274,353,353,353,353,353,353,457,457,457,457,457,457,576,594,620,620,620,676,688,688,688,688,688,735,752,752,752,752,752,752,752,752,752,890,902,902,955,955,"1,002","1,002","1,002","1,002","1,104","1,128","1,122","1,150","1,150","1,150","1,150","1,293","1,502","1,565","1,569","1,585","1,585","1,682","1,718","1,716","1,708","1,749","1,799","1,795","1,832","1,853"
Luxembourg,35,29,32,31,32,32,32,27,25,26,22,20,19,21,23,23,23,22,21,22,20,21,16,15,14,18,22,22,11,11,15,14,8,10,6,6,5,8,7,4,5,4,4,4,4,3,4,4,2,3,3,1,1,2,2,2,1,1,,,1,1,1,1,2,,1,2,1,1,1,1,1,1,2,2,2,2,3,3,3,3,3,3,3,3,3,3,3,3,4,5,4,4,4,7,5,5,1,3,3,3,6,5,5,6,7,7,7,7,7,75,9,6,6,6,6,4,3,1,3,3,3,3,4,3,3,3
Moldova,80,80,80,80,212,212,212,212,212,212,212,212,212,212,237,237,237,237,237,237,237,237,237,237,237,251,251,251,251,251,251,251,251,251,251,251,251,286,286,286,256,256,256,256,256,251,251,255,248,265,274,306,335,318,305,308,339,344,378,378,378,378,417,444,455,440,440,465,476,476,455,455,455,469,469,469,469,438,438,438,438,438,391,391,391,391,373,373,373,358,358,358,358,362,362,362,362,362,362,362,362,362,362,362,362,362,362,362,362,362,362,362,362,362,362,362,362,362,362,362,362,362,362,362,362,362,362,362
Algeria,60,60,60,40,40,40,40,40,40,40,40,40,22,22,22,22,22,22,22,22,22,22,22,22,22,22,22,22,22,22,22,22,22,22,22,22,22,22,22,27,27,32,32,34,34,23,25,25,32,32,22,24,24,36,36,33,33,39,39,39,39,39,41,54,54,38,41,39,37,45,45,48,48,48,42,42,48,48,54,56,53,53,55,52,53,50,50,50,61,61,61,61,61,67,67,64,56,51,66,66,66,64,58,73,70,62,65,64,64,57,57,57,57,57,62,57,57,57,53,44,44,44,40,40,46,46,41,41
Kuwait,32,32,34,38,39,46,50,55,60,58,61,64,67,66,66,70,69,72,79,90,88,91,91,95,114,131,158,169,175,190,169,168,161,179,167,181,180,192,177,182,196,193,197,191,206,200,204,187,191,184,197,180,196,166,173,193,184,172,176,171,184,194,190,188,193,180,186,181,165,153,152,162,155,149,145,139,139,142,144,158,157,152,159,161,150,157,150,151,148,156,146,142,143,137,132,138,127,127,124,129,123,123,121,124,125,134,134,134,129,126,131,128,127,124,125,115,117,110,117,118,115,115,117,109,101,96,94,95
Thailand,61,61,61,61,61,61,61,61,61,61,61,61,61,61,61,61,61,61,61,61,61,61,61,61,61,61,61,61,61,61,61,61,61,61,61,61,61,61,61,57,57,59,59,59,59,1,1,1,1,1,1,1,1,1,1,1,1,1,1,1,1,1,1,1,1,1,1,1,1,1,1,1,1,1,1,1,1,1,1,1,1,1,1,1,1,1,1,1,1,1,1,1,1,1,1,1,1,1,1,1,1,1,1,1,1,1,1,1,1,1,1,1,1,1,1,1,1,1,1,1,1,1,1,1,1,1,1,1
Kazakhstan,22,22,22,22,22,22,32,29,29,31,31,35,41,41,41,40,41,40,40,40,31,31,31,31,31,33,31,31,31,31,31,31,31,31,31,31,31,31,31,31,31,58,62,62,62,62,62,62,62,62,62,62,62,62,62,62,62,77,77,77,77,77,77,77,121,121,121,121,121,121,121,121,121,121,121,121,121,121,121,121,121,221,221,221,221,221,221,221,221,221,221,221,221,221,221,221,221,221,221,221,221,221,221,221,221,221,221,221,221,221,221,221,221,221,221,221,221,221,221,221,221,221,221,221,221,221,221,221
Bahrain,3,3,3,2,2,2,2,2,1,2,2,2,2,1,1,1,1,1,1,1,4,4,2,2,2,6,5,6,4,4,3,8,8,9,9,9,7,8,8,8,9,10,9,9,10,12,11,10,10,9,12,15,13,12,13,12,14,10,12,18,20,27,27,27,36,33,33,37,36,36,38,48,42,41,43,50,52,51,48,46,45,54,60,56,54,53,53,47,50,51,48,48,47,51,46,46,47,47,45,48,51,48,44,50,41,41,41,43,47,46,43,41,41,40,36,36,38,38,38,40,40,35,41,42,45,39,37,36
Greece,69,71,67,67,61,59,55,52,48,47,46,43,40,41,38,36,37,37,35,35,36,33,32,28,30,32,32,28,24,23,23,22,24,22,22,21,19,20,19,18,18,17,16,16,14,13,12,11,11,9,9,9,9,10,10,12,14,14,13,13,13,12,11,10,10,9,9,8,8,8,9,11,11,10,10,9,9,8,8,11,11,11,10,9,9,9,9,10,12,13,13,14,10,12,13,12,10,10,8,8,10,9,9,8,8,7,9,9,12,13,13,13,14,14,17,22,24,26,24,22,22,23,24,23,25,28,30,28
Hungary,60,63,60,61,60,82,82,61,61,61,61,61,49,50,54,49,52,51,55,55,50,50,74,74,50,42,45,45,49,46,45,47,46,46,29,27,23,21,28,28,27,25,24,24,22,25,25,24,24,24,21,21,21,21,20,20,19,20,20,20,19,17,16,15,15,15,15,14,14,13,13,13,11,9,9,9,8,8,9,8,8,8,7,6,6,6,5,5,5,5,5,5,4,3,3,5,4,4,4,4,4,6,6,6,6,6,6,6,7,7,7,7,8,8,8,6,6,5,5,5,6,8,6,6,6,7,7,6
Croatia,31,30,27,23,18,18,19,19,19,21,23,21,21,19,20,17,17,15,15,14,14,14,13,13,13,13,11,9,7,8,9,10,10,10,8,9,5,6,6,6,5,6,5,4,4,4,4,4,4,3,3,2,2,2,,,,,,,,,,,,,,,,,,,,,,,,3,4,3,4,5,5,4,3,4,3,3,4,5,5,6,7,8,9,9,9,9,7,9,9,9,9,9,8,6,6,9,6,6,7,7,7,7,8,8,8,5,8,10,10,10,11,11,11,11,13,12
Oman,3,3,3,3,3,3,3,3,3,3,3,3,3,3,17,17,17,17,17,17,17,17,17,17,17,27,27,27,31,31,31,31,31,31,31,31,31,31,31,31,31,31,31,31,31,31,31,31,31,58,60,67,75,75,85,85,92,92,94,100,104,105,102,102,102,99,101,100,97,100,107,105,113,118,115,117,120,114,113,116,116,129,127,128,129,130,133,143,146,149,139,149,157,164,165,170,169,165,169,170,167,167,177,181,184,187,187,187,187,187,187,184,177,172,173,171,172,164,165,155,153,158,151,150,154,158,151,151
Uzbekistan,8,8,8,8,8,8,8,8,8,8,8,8,8,8,8,8,8,8,8,8,8,8,8,8,8,8,8,8,8,8,8,8,8,6,6,5,4,4,4,3,3,4,4,7,7,10,9,11,11,11,10,13,13,7,9,9,11,14,16,16,17,16,13,12,12,16,16,18,19,19,19,26,28,25,25,25,26,25,24,24,25,33,36,37,37,42,43,43,43,43,43,43,43,70,70,70,70,70,100,100,138,138,138,138,138,138,138,138,185,185,224,224,228,228,228,228,386,387,428,410,410,410,410,410,410,410,410,410
Iraq,0,0,0,0,0,0,0,0,0,0,0,,,,,,,,,,,,,,,,,,,,,,,,,,,,,,34,41,41,45,36,36,43,46,46,50,63,60,69,69,70,88,98,111,111,128,150,148,159,212,212,212,224,222,222,222,234,247,254,324,336,293,328,326,338,333,306,337,396,403,415,404,400,400,412,412,374,382,382,397,397,431,431,441,375,456,449,433,415,481,433,446,454,463,498,514,511,519,517,566,577,551,544,545,592,592,627,590,572,605,574,582,614,587
Iceland,6,6,3,3,4,5,5,5,5,4,3,1,1,,,,,,,,,,,,,,,,,,,,,,,,,,,,,,,,,,,,,,,,,,,,,,,,,,,,,,,,,,,,,,,,,,,,,,,,,,,,,,,,,,,,,,,,,,,,,,,,,,,,,,1,1,1,1,1,1,1,1,1,1,1,1,1,0
Armenia,30,30,30,30,30,30,30,10,10,10,10,10,10,10,10,10,10,10,10,10,10,10,10,10,10,10,10,10,10,10,10,10,10,10,10,10,10,10,10,10,10,10,10,10,10,10,10,10,10,10,10,10,10,10,10,10,10,10,10,10,10,10,10,10,10,10,10,10,10,10,10,10,10,10,10,10,10,10,10,10,10,10,10,10,10,10,10,10,10,10,10,10,10,10,10,10,10,10,10,10,10,10,10,10,10,10,10,10,10,10,10,,,,,,,,,,,,,,,,,0
Azerbaijan,28,26,21,21,16,16,14,14,14,15,15,15,15,18,17,17,17,17,18,18,18,18,18,29,33,33,28,30,29,37,37,37,37,37,46,42,42,42,42,42,42,42,42,42,42,42,42,42,42,42,66,66,66,66,66,66,66,66,66,66,66,66,66,66,66,66,66,66,66,66,66,66,66,66,66,66,66,66,66,66,66,66,66,66,66,66,66,66,66,66,66,66,66,66,66,66,66,66,66,66,66,66,66,66,66,66,66,66,66,66,66,66,66,,,,,,,,,,,,,,,0
Estonia,10,11,11,10,9,9,7,7,6,6,6,7,9,10,9,7,7,7,6,6,4,4,4,5,5,5,5,5,5,5,5,4,4,4,2,2,2,2,1,1,1,,,,,,,,,,,,,,,,,,,,,,,,1,1,1,1,1,1,1,1,,,1,1,1,1,2,2,2,2,2,1,1,1,1,1,1,1,1,1,1,1,1,1,1,1,1,1,1,1,1,1,1,1,,,,,,,,,,,,,,,1,,,,,,,0
Cameroon,0,0,33,33,33,33,33,33,20,28,12,12,12,12,12,12,12,12,12,12,12,12,12,12,28,28,28,28,28,28,28,28,28,28,28,28,28,28,28,28,28,28,28,28,28,28,28,28,28,28,28,28,28,28,28,28,28,28,28,28,28,28,28,28,28,28,28,28,28,28,52,52,52,52,52,52,52,52,52,52,52,52,52,52,52,52,52,52,52,52,52,52,52,52,52,52,52,52,52,30,30,30,30,30,30,30,30,30,30,30,30,30,30,30,30,30,30,30,30,30,30,30,30,30,30,30,30,30
Ghana,2,2,4,4,4,4,4,4,4,4,4,4,4,4,4,4,4,4,4,4,4,4,8,5,5,5,5,5,5,5,5,5,5,5,8,8,12,16,16,16,16,16,16,17,17,5,3,3,3,3,3,3,3,3,10,10,10,6,4,4,6,6,6,6,6,6,6,6,6,6,6,6,6,6,6,6,6,6,6,6,8,6,6,8,8,8,8,8,8,8,8,8,8,8,8,8,8,8,8,6,8,8,8,8,8,8,8,8,8,8,8,7,7,7,7,7,6,6,6,6,6,5,6,6,6,6,5,5
Afghanistan,0,0,0,7,7,7,7,7,7,7,7,7,7,7,7,7,7,7,7,7,7,7,7,7,7,7,7,7,7,7,19,19,19,19,19,19,19,19,19,19,19,19,19,19,19,19,19,19,19,19,19,19,19,19,19,19,19,19,19,19,19,19,19,19,19,19,19,19,19,19,19,19,19,19,19,19,19,19,25,29,30,31,31,31,31,31,31,31,31,31,31,31,31,31,31,31,31,31,31,31,31,31,31,31,31,31,31,31,31,31,31,31,31,31,31,31,31,31,31,31,31,31,31,31,31,31,31,31
Bosnia and Herzegovina,4,4,4,4,4,4,4,4,4,4,4,4,4,4,4,4,4,4,4,4,4,4,4,4,4,4,4,4,4,4,4,4,4,4,4,4,4,4,4,4,4,4,4,4,4,4,4,4,4,4,4,4,4,4,4,4,4,4,4,4,4,4,4,4,4,4,4,4,4,4,4,4,4,4,4,4,4,4,4,4,4,4,4,4,4,4,4,4,4,4,,,,,,,,,,,,,,,,,,,,,,,,,,,,,,,,,,,,,,0
New Zealand,3,2,3,18,2,3,2,2,1,1,1,1,1,1,1,1,,,,,2,2,3,2,2,2,2,2,2,2,,,,2,1,1,1,1,1,1,1,,,,,,,,,,,,,,,,,,,,,,,,,,,,,,,,,,,,1,1,1,1,1,1,,,,,,,,,,,,,,1,,,,,,,,,,,,,,,,,,,,,,,,1,1,1,3,5,6,5,6,9
Lithuania,14,14,14,14,17,17,17,17,17,17,17,17,17,17,17,17,17,17,17,17,17,17,17,17,17,17,17,17,17,17,17,17,17,17,17,17,17,17,17,17,17,17,17,17,17,17,17,17,17,17,17,17,17,17,17,17,17,17,17,17,17,16,16,16,16,16,16,16,16,16,16,16,16,16,16,16,16,16,15,15,15,15,15,15,15,15,15,15,15,15,15,6,6,6,6,6,6,6,6,6,6,6,6,6,6,6,6,6,6,6,6,6,6,6,6,6,6,6,6,6,6,6,6,6,6,6,6,6
Slovenia,31,28,27,26,26,25,24,23,23,23,23,22,24,25,22,22,21,21,20,17,14,13,12,10,10,10,9,9,7,7,6,5,5,5,4,3,3,4,4,3,2,2,2,2,2,2,1,1,,,,,,,,,,,,,1,1,1,1,1,1,1,1,1,2,2,2,2,,,,,,,,,,,,,,,,1,1,1,1,1,2,2,3,3,2,2,2,2,2,3,3,3,3,3,3,2,1,2,2,2,4,3,3,3,2,2,2,3,3,2,3,3,3,3,3
North Macedonia,15,15,15,15,9,9,8,14,14,14,13,13,13,13,13,13,21,21,21,21,21,21,21,21,21,21,21,21,21,21,21,21,21,21,21,21,21,21,21,21,21,21,21,21,21,21,21,21,34,34,34,34,34,34,34,34,34,34,34,34,34,34,34,34,34,34,34,55,55,55,55,55,55,55,55,55,55,55,55,55,55,55,55,55,55,55,55,55,55,55,55,55,55,55,55,55,55,55,55,55,55,55,55,55,55,5,3,3,5,5,4,4,3,3,3,3,3,6,6,6,6,4,4,4,3,3,4,4
Slovakia,5,5,10,10,8,7,7,9,8,7,5,7,6,8,8,5,5,7,7,6,4,4,4,5,5,5,6,6,5,3,3,3,3,3,3,3,2,1,1,1,1,1,,,,,,,,,,,,,,,,,,,,,,,,,,,,,,,,,,,,3,3,3,3,3,3,3,3,3,3,3,3,3,2,2,2,2,2,2,2,2,2,2,2,2,2,2,2,2,2,1,1,2,2,2,2,7,8,8,8,4,4,6,6,6,6,6,6,8,8,7
Cuba,16,17,15,16,9,18,16,14,11,11,11,12,12,14,10,10,10,13,9,8,14,8,8,8,5,7,4,7,9,9,7,10,9,8,8,5,4,4,3,3,4,4,2,3,3,3,3,4,4,4,3,3,3,3,1,1,1,4,5,5,5,5,5,5,1,1,1,1,1,1,1,1,1,,,1,1,1,1,2,2,4,4,4,4,4,2,2,2,2,2,2,1,,,,1,1,1,1,1,1,1,1,1,1,1,1,1,1,1,2,4,6,7,7,6,6,6,6,3,3,2,2,5,5,3,3
Bulgaria,37,37,35,36,34,34,37,37,37,37,41,41,39,38,40,43,43,39,37,37,38,43,49,56,58,50,51,51,51,51,45,45,43,36,33,31,29,29,29,20,20,22,22,22,22,17,17,17,9,8,8,12,12,15,13,13,15,15,16,15,14,13,12,13,17,13,13,11,13,16,16,18,20,25,31,32,32,31,29,29,28,29,32,29,28,32,33,33,29,27,28,28,33,34,34,34,31,24,27,28,33,34,39,40,40,34,42,43,46,43,41,44,47,55,55,55,54,54,63,63,58,55,56,56,61,60,63,73
Nigeria,2,2,2,2,2,2,2,2,2,2,2,2,2,2,2,2,2,4,4,4,4,4,4,4,4,4,7,7,7,7,7,7,7,7,7,7,7,7,7,7,7,7,7,7,7,7,7,7,7,7,7,7,7,7,7,7,7,7,7,7,7,7,7,7,7,7,7,7,7,7,7,7,7,7,7,7,7,7,7,7,7,7,7,7,7,7,7,7,7,7,7,7,7,7,7,7,7,7,7,7,7,7,7,7,7,7,7,7,7,7,7,7,7,7,7,7,7,7,7,7,7,7,7,7,7,7,7,7
Ivory Coast,0,0,0,0,0,0,0,0,0,0,0,,,,,,,,,,,,,,,,,,,,,,,,,,,,,,,,,,,,,,,,,,,,,,,,,,,,,,,,,,,,,,,,,,,,,,,,,,,,,,,,,,,,,,,,,,,,,,,,,,,,,,,,,,,,,,,,,,,,,0
Hong Kong,9,9,9,8,8,8,8,9,7,4,4,4,4,4,4,4,4,3,1,1,2,1,1,1,1,1,1,1,1,1,1,1,1,1,1,1,1,1,1,1,1,1,1,1,1,2,2,2,2,2,2,2,2,3,3,4,4,3,3,3,3,3,3,3,3,3,2,2,1,1,1,1,1,1,1,1,1,1,1,1,1,1,1,1,2,2,2,4,5,6,6,6,8,13,19,23,29,29,33,34,37,40,40,39,39,39,43,34,34,43,43,45,39,41,45,41,36,32,30,32,30,27,27,29,31,29,31,30
Djibouti,0,0,0,0,0,0,0,0,0,0,0,,,,,,,,,,,,,,,,,,,,,,,,,,,,,,,,,,,,,,,,,,,,,,,,,,,,,,,,,,,,,,,,,,,,,,,,,,,,,,,,,,,,,,,,,,,,,,,,,,,,,,,,,,,,,,,,,,,,,0
Guinea,0,0,0,0,0,0,0,0,0,0,0,,,,,,,,,,,,,,,,,,18,18,18,18,18,18,18,18,24,24,24,24,24,24,24,24,24,24,24,24,24,24,24,24,24,24,24,24,24,24,24,24,24,24,24,24,24,24,24,24,24,24,24,24,24,24,24,24,24,24,24,24,24,24,24,24,24,24,24,24,24,24,24,24,24,24,24,24,24,24,24,24,24,24,24,24,24,24,24,24,24,24,24,24,24,24,24,24,24,24,24,24,24,24,24,24,24,24,24,24
Tunisia,89,89,33,33,34,25,32,32,20,19,20,18,18,20,24,24,25,25,18,17,18,22,24,19,19,11,5,5,3,3,3,3,3,3,3,3,3,3,3,3,3,2,2,2,2,2,2,1,1,1,1,1,1,1,1,1,1,,,,,,,,,,,,,,,,,,,,,,,,,,,,,,,,,,,,,,,3,3,3,3,3,3,3,3,3,3,3,3,3,3,3,3,9,9,9,9,9,9,9,9,9,9,9,9,9,8,8,8,8
Bolivia,3,3,3,3,3,3,3,3,3,3,3,3,3,3,3,3,3,3,3,3,3,3,3,3,3,3,3,3,3,3,3,3,3,3,3,3,3,3,3,3,3,3,3,3,3,3,3,3,3,3,3,3,3,3,3,3,71,71,71,71,71,71,71,71,71,71,71,71,71,71,71,71,71,71,71,71,71,71,71,71,71,71,71,71,71,71,71,71,71,71,71,71,71,71,71,71,71,71,71,71,71,71,71,71,71,71,71,71,71,71,71,71,71,71,71,71,71,71,71,71,71,71,71,71,71,71,71,71
Cyprus,8,8,8,15,15,15,15,15,15,15,15,15,15,15,15,15,15,15,15,15,15,15,10,10,10,10,10,10,10,10,10,10,10,10,10,10,10,10,10,10,10,4,4,4,4,4,4,4,4,4,4,4,4,4,4,4,4,4,4,4,4,4,4,4,4,4,4,4,,,,,,,,,,,,,,,,,,,,,,,,,,,,,,,,,,,,,,,,,,,,,,,5,5,5,5,5,5,5,5,5,5,5,5,5,5
Latvia,3,5,5,5,5,3,5,6,6,6,6,5,4,4,3,2,2,4,4,4,3,3,2,2,2,2,2,2,2,3,3,2,3,3,3,2,2,2,2,2,2,3,3,3,3,3,3,3,3,2,3,3,4,5,5,4,3,3,1,1,1,1,1,1,1,1,1,1,1,1,1,1,1,1,1,1,1,1,1,1,1,1,1,1,1,1,1,1,1,1,,,,,,,,2,2,2,2,2,2,2,,,,,,,,,,,,,,,,,,,,,,,,0
Andorra,17,17,17,17,17,17,17,17,17,17,17,17,17,17,17,17,17,17,16,16,15,14,14,14,14,14,3,3,3,3,3,3,3,3,3,3,3,3,3,3,3,3,3,4,4,4,4,7,7,7,7,7,7,7,7,7,7,8,8,8,8,8,8,8,8,8,8,1,1,1,1,,,,,,,,,,,,,,,,,,,,,,,,,,,,,,,,,,,,,,,,1,1,1,1,1,1,1,1,1,1,1,1,1,1,1,1,1,1
Albania,5,5,5,5,5,10,4,4,4,4,4,4,4,4,4,4,4,7,7,7,7,7,7,7,7,7,1,1,1,1,1,1,1,1,1,3,3,5,5,4,3,3,3,5,5,4,3,3,4,5,5,5,5,6,6,6,8,8,7,7,7,8,9,9,8,7,10,10,11,11,14,15,12,15,15,11,7,10,8,8,8,8,7,10,11,11,8,8,10,10,10,11,9,14,17,17,17,17,17,17,17,17,17,17,17,17,17,16,16,16,16,23,23,20,20,20,20,20,20,20,20,16,15,15,15,15,15,15
Diamond Princess,7,7,7,7,7,7,4,4,4,4,4,4,4,4,4,4,4,4,4,4,4,4,4,4,4,4,4,4,4,4,4,4,4,4,4,4,4,4,4,4,4,4,4,4,4,4,4,4,4,4,4,4,4,4,4,4,4,4,4,4,4,4,4,4,4,4,4,4,4,4,4,4,4,4,4,4,4,4,4,4,4,4,4,4,4,4,4,4,4,4,4,4,4,4,4,4,4,4,4,4,4,4,4,4,4,4,4,4,4,4,4,4,4,4,4,4,4,4,4,4,4,4,4,4,4,4,4,4
Lebanon,30,30,30,27,27,27,26,46,46,44,44,44,44,44,44,44,43,43,43,43,43,43,42,4,4,3,3,4,4,4,4,3,4,4,4,3,3,4,4,4,3,3,7,6,4,3,4,5,5,4,6,4,6,7,7,8,7,10,9,8,8,8,7,6,9,8,8,9,9,9,6,6,6,8,8,6,6,5,5,5,8,8,8,7,7,11,7,9,9,20,14,14,12,12,12,14,15,21,22,21,31,27,36,33,29,29,28,34,34,40,40,41,46,42,36,40,37,35,44,44,42,52,68,66,67,68,72,73
Niger,0,0,0,0,0,0,0,0,0,0,0,,,,,,,,,,,,,,,,,,,,,,,,,,,,,,,,,,,,,,,,,,,,,,,,,,,,,,,,,,,,,,,,,,,,,,,,,,,,,,,,,,,,,,,,,,,,,,,,,,,,,,,,,,,,,,,,,,,,,0
Costa Rica,11,10,10,10,8,6,6,8,7,7,8,8,8,8,8,7,6,6,5,5,5,6,6,6,6,6,6,6,4,5,4,3,3,5,5,3,4,4,3,2,2,2,2,2,4,4,5,5,5,5,4,3,4,5,5,3,3,3,3,3,4,2,3,3,5,5,4,4,3,5,6,6,5,5,4,5,6,6,10,10,10,10,11,11,14,14,22,27,30,30,31,35,38,41,44,47,49,50,43,49,51,54,56,53,75,75,75,94,98,97,98,100,103,89,80,86,84,85,88,95,99,104,102,106,110,126,128,124
Kyrgyzstan,5,5,5,5,5,5,5,11,11,11,13,13,13,10,12,12,12,12,13,13,13,13,13,13,13,13,13,13,13,13,5,5,5,5,5,5,5,5,5,5,5,4,4,4,4,4,4,4,5,5,5,5,5,5,5,6,6,11,11,11,12,12,12,12,12,30,30,30,30,30,30,30,30,30,30,30,30,24,24,24,24,24,24,24,24,24,24,24,24,24,24,24,24,24,24,24,24,24,24,24,24,24,24,24,24,24,24,24,24,24,24,24,24,24,24,24,24,24,24,24,24,24,24,24,24,24,24,24
Senegal,1,1,1,1,1,1,1,1,1,1,1,1,1,1,1,1,1,4,6,6,6,6,6,6,6,6,6,6,6,6,6,6,6,6,6,6,6,6,12,12,18,18,18,18,14,14,14,14,17,16,15,15,15,14,14,18,20,23,23,23,22,22,16,16,17,16,16,21,23,24,24,27,26,27,27,30,35,36,38,38,38,38,34,37,36,38,34,32,34,36,37,38,40,45,35,34,40,39,47,49,49,49,50,50,50,48,48,42,39,37,41,38,33,39,39,43,45,49,52,51,55,57,53,55,48,43,39,38
Burkina Faso,0,0,0,0,0,0,0,0,0,0,0,,,,,,,,,,,,,,,,,,,,,,,,,,,,,,,,,,,,,,,,,,,,,,,,,,,,,,,,,,,,,,,,,,,,,,,,,,,,,,,,,,,,,,,,,,,,,,,,,,,,,,,,,,,,,,,,,,,,,0
Honduras,10,10,10,10,10,10,10,10,10,10,10,10,10,10,10,10,10,10,10,10,10,10,10,10,10,10,10,10,10,10,10,10,14,14,13,13,13,13,13,13,13,13,13,13,13,13,13,13,13,13,13,13,13,13,13,13,13,13,13,13,13,13,13,13,13,13,13,13,13,13,13,13,13,13,58,58,58,58,58,58,58,58,58,58,58,58,58,58,58,58,58,58,58,58,51,51,51,51,51,51,51,51,61,58,59,59,52,46,43,43,48,52,52,45,45,35,45,45,44,46,37,37,37,37,37,45,43,49
Uruguay,13,13,14,14,13,10,10,10,9,9,9,10,11,11,10,10,10,10,10,10,10,9,7,8,8,8,8,8,7,7,5,4,4,4,4,4,5,5,5,5,5,5,5,6,5,5,4,4,4,4,4,4,4,4,4,4,4,3,3,3,3,3,4,4,4,4,4,4,4,2,2,2,2,2,2,2,1,1,1,1,1,,,1,1,1,,,,,1,3,3,3,3,3,4,3,3,3,3,5,5,7,6,5,5,5,4,4,3,3,2,2,3,5,4,5,5,5,4,4,4,3,4,5,3,2
San Marino,15,15,15,4,4,4,4,3,3,3,4,4,5,6,6,5,5,5,5,5,4,4,4,3,3,2,2,2,1,1,1,1,1,1,1,1,1,1,1,1,,,1,1,1,1,1,1,1,1,1,1,1,1,1,1,1,1,1,1,,,,,,,,,,,,,,,,,,,,,,,,,,,,,,,,,,,,,,,,,,,,,,,,,,,,,,,,,,,,,,,,,,,,0
Channel Islands,0,0,0,0,0,0,0,0,0,0,0,,,,,,,,,,,,,,,,,,,,,,,,,,,,,,,,,,,,,,,,,,,,,,,,,,,,,,,,,,,,,,,,,,,,,,,,,,,,,,,,,,,,,,,,,,,,,,,,,,,,,,,,,,,,,,,,,,,,,0
Sri Lanka,1,1,1,1,1,1,2,2,2,2,2,2,2,2,1,1,1,1,1,1,1,1,1,1,1,1,1,1,1,1,1,1,1,1,1,1,1,1,1,1,1,1,1,1,1,1,1,1,1,1,1,1,1,1,1,1,1,1,1,1,1,1,1,1,1,1,1,1,1,1,1,1,1,1,1,1,1,1,1,1,1,1,1,1,1,1,1,1,1,1,1,1,1,1,1,1,1,1,1,1,1,1,1,1,1,1,1,1,1,1,1,1,1,1,1,1,1,1,1,1,1,1,1,1,1,1,1,1
Georgia,6,6,6,6,6,6,6,6,6,6,6,6,6,6,6,6,6,6,6,6,6,6,6,6,6,6,6,6,6,6,6,6,6,6,6,6,6,6,6,6,6,6,6,6,6,6,6,6,6,6,6,6,6,6,6,6,6,6,6,6,6,6,6,6,5,5,5,5,5,5,5,5,5,5,5,5,5,5,5,5,5,5,5,5,5,5,5,5,5,5,5,5,5,5,5,5,5,5,5,5,5,5,5,5,5,5,5,5,5,5,5,,,,,,,,,,,,,,,,,0
Guatemala,3,3,3,3,3,3,3,3,5,5,5,5,5,5,5,5,5,5,5,5,5,5,5,5,5,5,5,5,5,5,5,5,5,5,5,5,5,5,5,5,5,5,5,5,5,5,5,5,5,5,5,5,5,5,5,5,5,5,5,5,5,5,5,5,5,5,5,5,5,5,5,5,5,5,5,5,5,5,5,5,5,5,5,5,5,5,5,5,5,5,5,5,5,5,5,5,5,5,5,5,5,5,5,5,5,5,5,5,5,5,5,5,5,5,5,5,5,5,5,5,5,5,5,5,5,5,5,5
Malta,4,4,4,2,2,2,2,2,2,2,2,1,1,1,1,1,1,1,1,1,,,,,,,1,1,1,1,1,1,1,1,1,1,1,1,1,1,1,1,1,1,1,1,1,1,1,,,,,,,,,,1,1,1,1,1,1,1,,,,,,,,,,,,,,,,,,,,,,,,,,,,,,,,,,,,,,,,,,,,,,,,,,,,,,,,,3,3,3,,,,0
Jordan,5,5,5,5,5,5,5,5,5,5,5,5,5,5,5,5,5,5,5,5,5,5,5,5,5,5,5,5,5,5,5,5,5,5,5,5,5,5,5,5,5,5,5,5,5,5,5,5,5,5,5,5,5,5,5,5,5,5,5,3,3,3,3,3,3,3,3,3,3,3,3,3,3,3,3,3,3,3,3,3,3,3,3,3,3,3,3,3,3,3,3,3,3,3,3,3,3,3,3,3,3,3,3,3,3,3,3,3,3,3,3,3,3,3,3,3,3,3,3,3,3,3,3,3,3,3,3,3
DRC,0,0,0,0,0,0,0,0,0,0,0,,,,,,,,,,,,,,,,,,,,,,,,,,,,,,,,,,,,,,,,,,,,,,,,,,,,,,,,,,,,,,,,,,,,,,,,,,,,,,,,,,,,,,,,,,,,,,,,,,,,,,,,,,,,,,,,,,,,,0
Somalia,2,2,2,2,2,2,2,2,2,2,2,2,2,2,2,2,2,2,2,2,2,2,2,2,2,2,2,2,2,2,2,2,2,2,2,2,2,2,2,2,2,2,2,2,2,2,2,2,2,2,2,2,2,2,2,2,2,2,2,2,2,2,2,2,2,2,2,2,2,2,2,2,2,2,2,2,2,2,2,2,2,2,2,2,2,2,2,2,2,2,2,2,2,2,2,2,2,2,2,2,2,2,2,2,2,2,2,2,2,2,2,2,2,2,2,2,2,2,2,2,2,2,2,2,2,,,0
Taiwan,0,0,0,0,0,0,0,0,0,0,0,,,,,,,,,,,,,,,,,,,,,,,,,,,,,,,,,,,,,,,,,,,,,,,,,,,,,,,,,,,,,,,,,,,,,,,,,,,,,,,,,,,,,,,,,,,,,,,,,,,,,,,,,,,,,,,,,,,,,0
RÃ©union,4,4,4,4,4,2,2,2,2,2,2,2,2,2,2,2,2,2,2,2,2,3,3,5,5,5,4,4,4,4,4,4,4,4,2,2,2,2,2,1,1,1,1,1,1,1,1,1,1,1,1,4,4,4,1,1,1,2,2,2,2,2,2,2,2,2,2,2,2,2,4,3,3,3,3,4,4,4,3,3,3,3,3,3,3,3,3,3,3,3,4,4,4,4,4,4,4,4,4,4,4,4,4,4,4,4,4,4,4,3,3,3,3,1,4,4,4,4,4,4,4,4,4,4,4,3,3,3
Mayotte,3,6,6,5,5,4,4,4,4,4,4,4,4,4,4,4,4,4,6,6,6,7,7,7,9,9,9,6,10,10,9,10,9,9,11,11,11,11,11,11,11,10,10,9,9,9,10,9,9,9,12,12,12,12,12,12,12,12,12,12,13,13,10,10,10,8,8,11,11,8,8,8,8,8,5,4,3,3,3,3,3,3,3,3,3,3,3,3,3,3,3,3,3,3,3,3,2,2,3,3,3,3,1,1,1,1,1,1,1,1,2,2,2,1,1,1,1,1,1,1,1,1,1,1,1,1,1,1
Mali,0,0,0,0,0,0,0,0,0,0,0,,,,,,,,,,,,,,,,,,,,,,,,,,,,,,,,,,,,,,,,,,,,,,,,,,,,,,,,,,,,,,,,,,,,,,,,,,,,,,,,,,,,,,,,,,,,,,,,,,,,,,,,,,,,,,,,,,,,,0
Kenya,2,2,2,2,2,2,2,2,2,2,2,2,2,2,2,2,2,2,2,2,1,1,1,1,1,1,1,1,1,1,1,1,1,1,1,1,1,1,1,1,1,7,7,7,7,7,7,7,7,7,7,7,7,7,7,7,7,7,7,7,7,7,7,7,7,7,7,7,7,7,7,7,18,18,18,18,18,18,29,29,29,29,29,29,29,44,44,44,44,44,44,44,44,44,44,44,44,44,44,44,44,44,44,44,44,44,44,44,44,44,44,44,44,44,44,44,44,44,44,44,44,44,44,44,44,44,44,44
Palestine,0,0,0,0,0,0,0,0,0,0,0,,,,,,,,,,,,,,,,,,,,,,,,,,,,,,,,,,,,,,,,,,,,,,,,,,,,,,,,,,,,,,,,,,,,,,,,,,,,,,,,,,,,,,,,,,,,,,,,,,,,,,,,,,,,,,,,,,,,,0
Mauritius,3,3,3,3,3,3,3,3,3,3,3,3,3,3,3,3,3,3,3,3,3,3,3,3,3,,,,,,,,,,,,,,,,,,,,,,,,,,,,,,,,,,,,,,,,,,,,,,,,,,,,,,,,,,,,,,,,,,,,,,,,,,,,,,,,,,,,,,,,,,,,,,,,,,,,,,,0
Venezuela,4,4,4,4,4,4,4,4,4,3,3,3,3,2,2,2,2,2,1,1,1,1,1,1,2,2,2,2,2,1,1,1,1,1,1,2,2,2,2,2,2,2,4,3,3,3,3,,,,,,,,1,1,1,1,1,1,5,5,5,5,5,6,6,6,6,6,9,9,9,10,9,9,11,11,11,11,11,19,18,18,24,24,23,23,25,25,25,23,20,17,17,19,19,18,24,20,20,26,26,26,25,25,25,25,25,25,25,42,66,66,66,66,74,80,81,81,81,85,85,85,85,85,85,85
Montenegro,7,7,7,7,7,7,7,7,7,7,7,7,7,2,2,2,2,2,2,2,2,2,2,2,2,2,2,2,2,2,2,2,2,2,2,2,,,,,,,,,,,,,,,,,,,,,,,,,,,,,,,,,,,,,,,,,,,,,,,,,,,,,,7,7,7,7,7,7,7,7,7,7,7,7,7,7,7,7,7,,,,,,,,,,,,,,,,,,,,,,0
Isle of Man,13,11,11,10,15,15,20,20,20,22,22,22,22,21,21,21,21,21,21,19,19,19,19,19,21,21,21,20,20,10,9,9,9,9,4,2,2,2,2,2,2,2,2,,,,,,,,,,,,,,,,,,,,,,,,,,,,,,,,,,,,,,,,,,,,,,,,,,,,,,,,,,,,,,,,,,,,,,,,,,,,,,,,,,,,,0
Jamaica,0,0,0,0,0,0,0,0,0,0,0,3,3,3,3,3,1,2,2,2,,,,,,,,,,,,,,,,,,,1,1,1,1,2,2,2,2,2,2,2,1,1,2,2,2,2,2,2,2,2,2,2,2,2,1,1,1,1,1,1,,,,,,,,,,,,,,,,,,,,,,,,,,,,,,,,,,,,,,,,,,,,,,,,,,,1,1,1,2,2,1,1,1,1
Tanzania,0,4,4,4,4,4,7,7,7,7,7,7,7,7,7,7,7,7,7,7,7,7,7,7,7,7,7,7,7,7,7,7,7,7,7,7,7,7,7,7,7,7,7,7,7,7,7,7,7,7,7,7,7,7,7,7,7,7,7,7,7,7,7,7,7,7,7,7,7,7,7,7,7,7,7,7,7,7,7,7,7,7,7,7,7,7,7,7,7,7,7,7,7,7,7,7,7,7,7,7,7,7,7,7,7,7,7,7,7,7,7,7,7,7,7,7,7,7,7,7,7,7,7,7,7,7,7,7
El Salvador,2,2,1,1,2,2,3,2,2,2,4,4,4,3,3,2,2,3,3,3,4,4,4,4,4,4,15,15,19,19,18,23,21,27,27,26,26,25,25,25,25,29,32,30,45,53,53,53,51,59,58,58,79,92,91,91,101,128,126,137,138,139,143,143,136,131,136,149,143,141,138,137,172,169,172,165,168,202,211,215,215,234,234,242,269,274,298,319,334,357,398,413,412,410,414,419,427,438,461,486,486,486,491,489,487,503,485,485,493,496,503,509,509,514,514,514,534,539,484,450,448,443,435,435,413,398,391,391
Vietnam,8,8,8,8,8,8,8,8,8,8,8,8,8,8,8,8,8,8,8,8,8,8,8,8,8,2,2,2,2,2,2,2,2,2,2,2,2,2,2,2,2,1,1,1,1,1,1,1,1,1,1,1,1,1,1,1,1,1,1,1,1,1,1,1,1,1,1,1,1,1,1,1,1,1,1,1,1,1,1,1,1,1,1,1,1,1,1,1,1,1,1,1,1,1,1,1,1,1,,,,,,,,,,,,,,,,,,,,,,,,,,,,,,0
Equatorial Guinea,0,0,0,0,0,0,0,0,0,0,0,,,,,,,,,,,,,,,,,,,,,,,,,,,,,,,,,,,,,,,,,,,,,,,,,,,,,,,,,,,,,,,,,,,,,,,,,,,,,,,,,,,,,,,,,,,,,,,,,,,,,,,,,,,,,,,,,,,,,0
Sudan,0,0,0,0,0,0,0,0,0,0,0,,,,,,,,,,,,,,,,,,,,,,,,,,,,,,,,,,,,,,,,,,,,,,,,,,,,,,,,,,,,,,,,,,,,,,,,,,,,,,,,,,,,,,,,,,,,,,,,,,,,,,,,,,,,,,,,,,,,,0
Paraguay,1,1,1,1,1,1,1,1,1,1,1,1,1,1,1,1,5,5,7,7,9,9,9,9,,,,,,,,,,,,,,,,,,,1,1,2,2,2,2,2,2,2,2,2,2,2,2,2,2,2,2,2,2,1,1,1,1,1,1,1,1,2,2,3,3,4,3,3,4,4,5,5,7,8,10,10,9,10,11,10,10,11,12,11,12,10,10,10,10,12,12,12,13,13,8,8,8,11,12,14,14,16,18,23,25,31,32,34,33,35,36,38,40,46,59,54,54,63,62
Maldives,0,0,0,0,1,2,2,2,2,2,2,2,2,2,2,2,2,2,2,2,2,2,2,2,2,2,2,2,2,2,9,9,9,9,9,9,9,9,9,9,9,9,9,9,9,9,9,9,9,9,9,9,9,9,9,9,9,9,9,9,9,9,9,9,9,9,9,9,9,9,9,9,9,9,9,12,12,12,12,12,12,12,12,12,12,12,12,12,12,12,12,12,12,12,12,12,12,12,12,12,12,12,12,12,12,12,12,12,12,12,12,12,12,12,12,12,12,12,12,12,12,12,12,12,12,12,12,12
Congo,0,0,0,0,0,0,0,0,0,0,0,,,,,,,,,,,,,,,,,,,,,,,,,,,,,,,,,,,,,,,,,,,,,,,,,,,,,,,,,,,,,,,,,,,,,,,,,,,,,,,,,,,,,,,,,,,,,,,,,,,,,,,,,,,,,,,,,,,,,0
Rwanda,0,0,0,0,0,0,0,0,0,0,0,,,,,,,,,,,,,,,,,,,,,,,,,,,,,,,,,,,,,,,,,,,,,,,,,,,,,,,,,,,,,,,,,,,,,,,,,,,,,,,,,,,,,,,,,,,,,,,,,,,,,,,,,,,,,,,,,,,,,0
Faeroe Islands,0,0,0,0,0,0,0,0,0,0,0,,,,,,,,,,,,,,,,,,,,,,,,,,,,,,,,,,,,,,,,,,,,,,,,,,,,,,,,,,,,,,,,,,,,,,,,,,,,,,,,,,,,,,,,,,,2,2,2,2,2,1,1,1,1,1,1,1,1,,,,,,,,,,,,4,3,4
Gabon,0,0,0,0,2,2,2,1,1,1,1,1,1,1,1,1,1,1,1,1,1,1,1,1,1,1,1,1,13,11,11,10,9,9,9,6,6,10,10,10,11,12,15,15,15,15,15,15,15,15,13,13,13,13,13,13,17,17,17,17,17,15,15,15,9,9,9,9,9,9,10,10,10,10,10,10,10,10,10,10,10,11,11,11,11,11,11,11,11,11,11,11,11,11,11,11,11,11,11,11,11,11,11,11,11,11,11,11,11,11,11,11,11,9,9,9,9,9,9,9,1,1,1,1,1,1,1,2
Martinique,17,17,11,11,11,11,6,6,6,7,7,7,5,5,5,5,5,5,5,5,5,3,3,3,3,4,4,2,2,,,,,,,,,,,,,,,,,,,,,,,,,,,,,,,,,,,,,,,,,,,,,,,,,5,5,5,5,5,5,5,5,5,5,5,5,5,5,5,5,5,5,5,5,5,5,4,4,4,4,4,4,4,4,4,4,4,4,4,1,2,2,2,2,2,2,2,2,2,2,2,2,2,2,2
Guadeloupe,13,13,13,13,13,13,13,13,11,11,11,11,11,11,11,6,6,6,5,5,4,4,4,4,4,4,4,4,4,3,3,3,3,3,3,3,3,3,3,3,3,3,3,1,1,1,1,1,1,1,1,1,1,1,1,1,1,1,,,,,,,,,,,,,,2,2,2,2,2,2,2,4,4,4,4,4,4,4,4,4,4,4,4,4,4,4,4,4,4,4,4,4,3,3,3,3,3,3,3,,,,,,,,1,1,1,2,2,4,4,2,2,2,2,2,2,2,2
Myanmar,0,0,0,0,0,0,0,0,0,0,0,,,,,,,,,,,,,,,,,,,,,,,,,,,,,,,,,,,,,,,,,,,,,,,,,,,,,,,,,,,,,,,,,,,,,,,,,,,,,,,,,,,,,,,,,,,,,,,,,,,,,,,,,,,,,,,,,,,,,0
Gibraltar,1,1,1,1,1,1,1,0,0,0,0,,,,,,,,,,,,,,,,,,,,,,,,,,,,,,,,,,,,,,,,,,,,,,,,,,,,,,,,,,,,,,,,,,,,,,,,,,,,,,,,,,,,,,,,,,,,,,,,,,,,,,,,,,,,,,,,,,,,,0
Brunei,2,2,2,2,2,2,2,2,2,2,2,2,2,2,2,2,2,2,2,2,2,2,2,2,2,2,2,2,2,2,2,2,2,2,2,2,2,2,2,2,2,2,2,2,1,1,1,1,1,1,1,1,1,1,1,1,1,1,1,1,1,1,1,1,1,1,,,,,,,,,,,,,,,,,,,,,,,,,,,,,,,,,,,,,,,,,,,,,,,,,,,,,,,,,,,,,,0
Liberia,0,0,0,0,0,0,0,0,0,0,0,,,,,,,,,,,,,,,,,,,,,,,,,,,,,,,,,,,,,,,,,,,,,,,,,,,,,,,,,,,,,,,,,,,,,,,,,,,,,,,,,,,,,,,,,,,,,,,,,,,,,,,,,,,,,,,,,,,,,0
Madagascar,1,1,1,1,1,1,1,1,1,1,1,1,1,1,1,1,1,1,1,1,1,1,1,1,1,1,1,1,1,1,3,2,1,,,1,2,4,6,6,6,10,10,9,8,8,8,9,9,9,9,8,9,10,9,8,8,10,9,9,9,6,8,8,6,7,9,8,11,8,26,20,21,24,48,42,32,28,34,31,33,45,41,53,50,49,66,58,59,45,51,61,86,92,97,72,79,84,84,87,82,89,88,103,102,94,83,103,90,84,79,84,88,93,95,90,82,98,103,85,89,94,93,90,89,89,83,76
Ethiopia,1,1,1,1,1,0,0,0,0,0,0,,,,,,,,,,,1,1,1,1,1,,,,,,,,,,,,,,,,1,1,4,5,4,4,8,6,16,18,27,32,32,32,32,32,38,39,30,29,32,30,30,30,30,32,38,38,38,30,27,34,33,35,35,35,35,35,35,35,35,35,35,35,35,35,35,35,35,35,35,35,35,35,35,35,35,35,68,66,66,66,66,66,134,138,138,153,153,153,185,185,185,185,185,164,190,190,193,195,195,217,213,216,216,216,248
Cambodia,1,1,1,1,1,1,1,1,1,1,1,1,1,1,1,1,1,1,1,1,1,1,1,1,1,1,1,1,1,1,,1,,,,,,1,1,1,1,1,1,1,1,1,1,1,1,1,1,1,1,1,1,1,1,1,1,1,1,1,1,1,1,1,1,1,1,1,1,1,1,1,1,1,1,1,1,1,1,1,1,1,1,1,1,1,1,1,1,1,1,1,1,1,1,1,1,1,1,1,1,1,1,1,1,1,1,1,1,1,1,1,1,1,1,1,1,1,1,1,1,1,1,1,1,1
Trinidad and Tobago,0,0,0,0,0,0,0,0,0,0,0,,,,,,,,,,,,,,,,,,,,,,,,,,,,,,,,,,,,,,,,,,,,,,,,,,,,,,,,,,,,,,,,,,,,,,,,,,,,,,,,,,,,,,,,,,,,,,,,,,,,,,,,,,,,,,,3,3,3,3,3,3,3
French Guiana,1,2,2,2,2,1,1,1,0,0,0,,,,2,2,2,2,2,2,2,,,,,,,,,,,,,,,,,,,,2,2,2,2,2,2,2,3,3,3,3,1,2,5,6,6,7,6,6,6,6,13,13,13,13,13,14,14,14,15,15,21,21,21,27,20,20,20,26,23,23,29,30,30,30,30,30,30,30,25,24,26,25,23,23,22,21,25,25,25,25,25,25,28,30,30,30,25,25,25,26,24,23,23,19,19,19,20,18,17,16,15,15,17,17,15,17,15
Bermuda,3,9,9,10,10,10,10,10,10,10,10,10,10,10,4,4,4,4,4,4,4,4,4,4,4,4,2,2,2,2,2,2,2,2,2,2,2,2,2,2,2,2,2,2,2,2,2,2,2,2,2,2,2,2,2,2,2,2,2,2,2,2,2,2,2,2,2,2,2,2,1,1,1,1,1,1,1,1,1,1,1,1,1,1,1,1,1,1,1,1,1,1,1,1,1,1,1,1,1,1,1,1,1,,,,,,,,,,,,,,,,,,,,,,,,,0
Cabo Verde,0,0,0,0,0,0,0,0,0,0,0,,,,,,,,,,,,,,,,,,,,,,,,,,,,,,,,,,,,,,,,,,,,,,,,,,,,,,,,,,,,,,,,,,,,,,,,,,,,,,,,,,,,,,,,,,,,,,,,,,,,,,,,,,,,,,,,,,,,,0
Aruba,1,1,4,4,4,4,4,4,4,4,4,4,4,4,4,4,4,4,4,4,4,4,4,4,4,4,4,4,4,4,4,4,4,4,4,4,4,3,3,3,3,3,3,,,,,,,,,,,,,,,,,,,,,,,,,,,,,,,,,,,,,,,,,,,,,,,,,,,,,,,,,,,,,,,,,,,,,,,,,,,,,,,,,,,,2,2
Togo,0,0,0,0,0,0,0,0,0,0,0,,,,,,,,,,,,,,,,,,,,,,,,,,,,,,,,,,,,,,,,,,,,1,1,1,1,1,1,2,2,2,2,2,2,2,2,2,2,2,2,2,2,2,2,2,2,2,2,2,2,2,2,2,2,2,2,2,2,2,2,2,2,2,2,2,2,2,2,2,2,2,2,2,2,2,2,2,2,2,2,2,2,2,2,2,2,2,2,2,2,2,2,2,2,2,2
Monaco,2,3,3,3,3,2,2,2,2,1,1,1,1,1,1,1,1,1,1,1,1,1,1,1,1,1,1,1,1,1,1,1,1,1,1,1,1,1,2,2,2,2,2,2,1,1,1,1,1,1,1,1,1,1,1,,,,,,,,,,,,,,,,,,,,,,,,,,,,,,,,,,,,,,,,,,,,,,,,,,,,,,,1,1,2,2,2,4,4,4,4,4,4,4,4,4,4,4,4,1,1
Sierra Leone,0,0,0,0,0,0,0,0,0,0,0,,,,,,,,,,,,,,,,,,,,,,,,,,,,,,,,,,,,,,,,,,,,,,,,,,,,,,,,,,,,,,,,,,,,,,,,,,,,,,,,,,,,,,,,,,,,,,,,,,,,,,,,,,,,,,,,,,,,,0
Zambia,1,1,1,1,1,1,1,1,1,1,1,1,1,1,1,1,1,1,1,1,1,1,1,1,1,1,1,1,1,1,1,1,1,1,1,1,1,1,1,1,1,1,1,1,1,1,1,1,1,1,1,1,1,1,1,1,1,1,1,1,1,1,1,1,1,1,1,1,1,1,1,1,1,1,1,1,1,1,1,1,1,1,1,1,1,1,1,1,1,1,1,1,1,19,19,19,18,18,18,18,18,18,18,18,18,18,,,,,,,,,,,,,,,,,,,,,,0
Liechtenstein,0,0,0,0,0,0,0,0,0,0,0,,,,,,,,,,,,,,,,,,,,,,,,,,,,,,,,,,,,,,,,,,,,,,,,,,,,,,,,,1,1,,,,,,,,,,,,,,,,,,,,,,,,,,,,,,,,,,,,,,,,,,,,,,,,,,,,,,,,,,,0
Bahamas,1,1,1,1,1,1,1,1,1,1,1,1,1,1,1,1,1,1,1,1,1,1,1,1,1,1,1,1,1,1,1,1,1,1,1,1,1,1,1,1,1,1,1,1,1,1,1,1,2,2,2,2,2,1,1,1,1,1,1,1,1,1,1,1,1,1,1,1,1,1,1,1,1,1,1,1,1,1,1,1,1,1,1,1,1,1,1,1,1,1,1,1,1,1,1,1,1,1,1,1,1,1,1,1,1,1,1,1,1,1,1,1,1,1,1,1,1,1,1,1,1,1,1,1,1,1,61,61
Barbados,4,4,4,4,4,4,4,4,4,4,4,4,4,4,4,4,4,4,4,4,4,4,4,4,4,4,4,4,4,4,4,4,4,4,4,4,4,4,4,4,1,1,1,1,1,1,1,1,1,1,1,1,1,1,1,1,1,1,1,1,1,1,1,1,1,1,1,1,1,1,1,1,1,1,1,1,1,,,,,,,,,,,,,,,,,,,,,,,,,,,,,,,,,,,,,,,,,,,,,,,,,,,0
Uganda,0,0,0,0,0,0,0,0,0,0,0,,,,,,,,,,,,,,,,,,,,,,,,,,,,,,,,,,,,,,,,,,,,,,,,,,,,,,,,,,,,,,,,,,,,,,,,,,,,,,,,,,,,,,,,,,,,,,,,,,,,,,,,,,,,,,,,,,,,,0
Mozambique,0,0,0,0,0,0,0,0,0,0,0,,,,,,,,,,,,,,,,,,,,,,,,,,,,,,,,,,,,,,,,,,,,,,,,,,,,,,,,,,,,,,,,,,,,,,,,,,,,,,,,,,,,,,,,,,,,,,,,,,,,,,,,,,,,,,,,,,,,,0
Sint Maarten,6,6,6,6,6,6,2,8,8,8,7,7,7,7,7,7,7,7,7,7,7,7,7,7,7,7,7,7,7,7,7,7,7,7,7,7,1,1,1,1,1,1,1,1,1,1,1,1,1,1,1,1,1,1,1,1,1,1,1,1,1,,,,,,,,,,,,,,,,,,,,,,,,,,,,,,,,,,,,,,,,,,,,,,,,,,,,3,3,3,3,3,3,3,3,3,3,3,3,3,3,3,3
Guyana,5,4,4,4,4,5,5,5,5,5,5,5,5,5,2,2,2,2,3,3,3,3,3,3,6,6,6,3,3,3,2,2,3,3,3,3,3,4,2,2,2,2,2,2,2,2,2,2,2,3,3,3,3,2,2,1,1,1,1,1,1,1,1,1,1,1,1,1,1,1,1,1,1,1,1,1,1,1,1,3,10,10,11,11,6,6,6,5,5,5,5,5,5,5,5,5,2,3,2,4,4,4,4,4,4,3,3,3,3,3,2,1,2,2,3,4,4,4,5,5,6,7,3,3,4,2,8,8
Haiti,0,0,0,0,0,0,0,0,0,0,0,,,,,,,,,,,,,,,,,,,,,,,,,,,,,,,,,,,,,,,,,,,,,,,,,,,,,,,,,,,,,,,,,,,,,,,,,,,,,,,,,,,,,,,,,,,,,,,,,,,,,,,,,,,,,,,,,,,,,0
Cayman Islands,3,3,3,3,3,3,3,3,3,3,3,3,3,3,3,3,3,3,3,3,3,3,3,3,3,3,3,3,3,3,,,,,,,,,,,,,,,,,,,,,,,,,,,,,,,,,,,,,,,,,,,,,,,,,,,,,,,,,,,,,,,,,,,,,,,,,,,,,,,,,,,,,,,,,,,,,,,,,,0
Benin,0,0,0,0,0,0,0,0,0,0,0,,,,,,,,,,,,,,,,,,,,,,,,,,,,,,,,,,,,,,,,,,,1,2,2,2,2,2,2,2,2,2,2,2,2,2,2,2,2,2,2,2,2,2,1,1,1,1,1,1,1,1,1,1,1,1,1,1,1,1,1,1,1,1,1,1,1,1,1,1,1,1,1,1,1,1,1,1,1,1,1,1,1,1,1,1,,,,,,,,,,,0
Libya,0,0,0,0,0,0,0,0,0,0,0,,,,,,,,,,,,,,,,,,,,,,,,,,,,,,,,,,,,,,,,,,,,,,,,,,,,,,,,,,,,,,,,,,,,,,,,,,,,,,,,,,,,,,,,,,,,,,,,,,,,,,,,,,,,,,,,,,,,,0
Eswatini,0,0,0,0,0,0,0,0,0,0,0,,,,,,,,,,,,,,,,,,,,,,,,,,,,,,,,,,,,,,2,5,5,5,5,5,5,5,5,5,5,5,5,5,5,5,5,5,5,5,5,5,5,5,5,5,5,5,5,5,5,5,5,5,5,5,5,5,5,5,5,5,5,5,5,5,5,5,5,5,5,5,5,5,5,5,5,5,5,5,5,5,5,5,5,10,10,10,10,10,10,10,10,10,10,11,11,11,11,11
French Polynesia,1,1,1,1,1,1,1,1,1,1,1,1,1,1,1,1,1,1,1,1,1,1,1,1,1,1,1,1,,,,,,,,,,,,,,,,,,,,,,,,,,,,,,,,,,,,,,,,,,,,,,,,,,,,,,,,,,,,,,,,,,,,,,,,,,,,,,,,,,,,,,,,,1,1,1,1,1,1,1,1,1,2,2,2
Guinea-Bissau,0,0,0,0,0,0,0,0,0,0,0,,,,,,,,,,,,,,,,,,,,,,,,,,,,,,,,,,,,,,,,,,,5,5,5,5,5,5,5,5,5,5,5,5,5,5,5,5,5,5,5,5,5,5,5,5,5,5,5,5,5,5,5,5,5,5,5,5,5,5,5,5,5,5,5,5,5,5,5,5,5,5,5,5,5,5,5,5,5,5,5,5,5,5,5,5,5,5,5,5,5,5,5,5,5,5,5
Nepal,0,0,0,0,0,0,0,0,0,0,0,,,,,,,,,,,,,,,,,,,,,,1,1,1,1,1,1,,,,,,,,,,,,,,,,,,,,,,,,,,,,,,,,,,,,,,,,,,,,,,,,,,,,,,,,,,,,,,,,,,,,,,,,,,,,,,,,,,,,,,,,,,0
Chad,0,0,0,0,0,0,0,0,0,0,0,,,,,,,,,,,,,,,,,,,,,,,,,,,,,,,,,,,,,,,,,,,,,,,,,,,,,,,,,,,,,,,,,,,,,,,,,,,,,,,,,,,,,,,,,,,,,,,,,,,,,,,,,,,,,,,,,,,,,0
Macao,1,1,1,1,1,1,1,1,1,1,1,1,1,1,1,1,1,1,1,1,1,1,1,1,1,1,1,1,1,1,1,1,1,,,,,,,,,,,,,,,,,,,,,,,,,,,,,,,,,,,,,,,,,,,,,,,,,,,,,,,,,,,,,,,,,,,,,,,,,,,,,,,,,,,,,,,,,,,,,,,0
Syria,0,0,0,0,0,0,0,0,0,0,0,,,,,,,,,,,,,,,,,,,,,,,,,,,,,,,,,,,,,,,,,,,,,,,,,,,,,,,,,,,,,,,,,,,,,,,,,,,,,,,,,,,,,,,,,,,,,,,,,,,,,,,,,,,,,,,,,,,,,0
Eritrea,0,0,0,0,0,0,0,0,0,0,0,,,,,,,,,,,,,,,,,,,,,,,,,,,,,,,,,,,,,,,,,,,,,,,,,,,,,,,,,,,,,,,,,,,,,,,,,,,,,,,,,,,,,,,,,,,,,,,,,,,,,,,,,,,,,,,,,,,,,0
Saint Martin,5,5,5,5,5,3,3,3,3,3,3,3,3,3,3,3,3,3,1,1,1,1,1,1,1,1,1,1,1,1,1,1,1,1,1,1,1,1,1,1,1,1,1,1,1,1,1,1,1,1,1,1,1,1,1,1,1,1,1,1,1,1,1,1,1,1,1,1,1,1,1,1,1,1,1,1,1,1,1,1,1,1,1,1,1,1,1,1,1,1,1,1,1,1,1,1,1,1,1,1,1,1,1,1,1,1,1,1,1,1,1,1,1,1,1,1,1,1,1,1,1,1,1,1,1,1,1,1
Mongolia,0,0,0,0,0,0,0,0,0,0,0,,,,,,,,,,,,,,,2,2,2,2,2,2,2,2,2,27,27,27,27,25,25,25,25,11,11,10,19,19,19,19,19,15,14,14,15,15,15,15,11,11,11,11,8,8,5,5,8,8,8,8,6,6,6,9,9,9,9,9,9,6,6,2,2,2,1,1,3,3,3,3,3,3,3,1,1,12,10,10,10,10,9,9,9,6,5,4,4,4,3,3,3,1,1,1,1,1,1,1,1,1,1,1,1,1,1,1,1,1,1
Malawi,1,1,1,1,1,1,1,1,1,1,1,1,1,1,1,1,1,1,1,1,1,1,1,1,1,1,1,1,1,1,1,1,1,1,1,1,1,1,1,1,1,1,1,1,1,1,1,1,1,1,3,3,3,4,4,4,4,4,4,4,4,4,4,4,4,4,4,4,4,4,4,4,4,4,4,4,4,4,4,4,4,4,4,4,4,4,4,4,4,4,4,4,4,4,4,4,4,4,4,4,4,4,4,4,4,4,4,4,4,4,4,4,4,4,4,4,4,4,4,4,4,4,4,4,4,4,4,4
Zimbabwe,0,0,0,0,0,0,0,0,0,0,0,,,,,,,,,,,,,,,,,,,,,,,,,,,,,,,,,,,,,,,,,,,,,,,,,,,,,,,,,,,,,,,,,,,,,,,,,,,,,,,,,,,,,,,,,,,,,,,,,,,,,,,,,,,,,,,,,,,,,0
Angola,0,0,0,0,0,0,0,0,0,0,0,,,,,,,,,,,,,,,,,,,,,,,,,,,,,,,,,,1,1,1,1,1,1,1,1,1,1,1,1,1,1,1,1,1,1,1,1,1,1,1,1,1,1,1,1,6,6,6,6,6,6,6,6,6,6,6,6,6,6,6,6,6,6,6,6,6,6,6,6,6,6,6,15,15,15,15,15,15,5,5,5,5,20,20,20,20,20,20,20,20,20,20,20,20,20,20,24,24,24,24,24
Antigua and Barbuda,1,1,1,1,1,1,1,1,1,1,1,1,1,1,1,1,1,1,1,1,1,1,1,1,1,1,1,1,1,1,1,1,1,1,1,1,1,1,1,1,1,1,1,1,1,1,1,1,1,1,1,1,1,1,1,1,1,1,1,1,1,1,1,1,1,1,1,1,1,1,1,1,1,1,1,1,1,1,1,1,1,1,1,1,1,1,1,1,1,1,1,1,1,1,1,1,1,1,1,1,1,1,1,1,1,1,1,1,1,1,1,1,1,1,1,1,1,1,1,1,1,1,1,1,1,1,1,1
Timor-Leste,0,0,0,0,0,0,0,0,0,0,0,,,,,,,,,,,,,,,,,,,,,,,,,,,,,,,,,,,,,,,,,,,,,,,,,,,,,,,,,,,,,,,,,,,,,,,,,,,,,,,,,,,,,,,,,,,,,,,,,,,,,,,,,,,,,,,,,,,,,0
Botswana,0,0,0,0,0,0,0,0,0,0,0,,,,,,,,,,,,,,,,,,,,,,,,,,,,,,,,,,,,,,,,,,,1,1,1,1,1,1,1,1,1,1,1,1,1,1,1,1,1,1,1,1,1,1,1,1,1,1,1,1,1,1,1,1,1,1,1,1,1,1,1,1,1,1,1,1,1,1,1,1,1,1,1,1,1,1,1,1,1,1,1,1,1,1,1,1,1,1,1,1,1,1,1,1,1,1,1
CAR,0,0,0,0,0,0,0,0,0,0,0,,,,,,,,,,,,,,,,,,,,,,,,,,,,,,,,,,,,,,,,,,,,,,,2,2,2,2,2,2,2,2,2,2,2,2,2,2,2,2,2,2,2,2,2,859,2,2,2,2,2,2,2,2,2,2,2,2,2,2,2,2,2,2,2,2,2,2,2,2,2,2,2,2,2,2,2,2,2,2,2,2,2,2,2,2,2,2,2,2,2,2,2,2,2
Laos,0,0,0,0,0,0,0,0,0,0,0,,,,,,,,,,,,,,,,,,,,,,,,,,,,,,,,,,,,,,,,,,,,,,,,,,,,,,,,,,,,,,,,,,,,,,,,,,,,,,,,,,,,,,,,,,,,,,,,,,,,,,,,,,,,,,,,,,,,,0
Belize,1,1,1,1,1,1,1,1,1,1,1,1,1,1,1,1,1,1,1,,,,,,,,,,,,,,,,,,,,,,,,,,,,,,,,,,,,,,,,,,,,,,,,,,,,,,,,,,,,,,,,,,,,,,,,,,,,,,,,,,,,,,,,,,2,2,2,2,2,2,2,2,2,2,2,3,3,3,3,3,3,3,3,3
Fiji,0,0,0,0,0,0,0,0,0,0,0,,,,,,,,,,,,,,,,,,,,,,,,,,,,,,,,,,,,,,,,,,,,,,,,,,,,,,,,,,,,,,,,,,,,,,,,,,,,,,,,,,,,,,,,,,,,,,,,,,,,,,,,,,,,,,,,,,,,,0
Grenada,2,4,4,4,4,4,4,4,4,4,4,4,4,4,4,4,4,4,4,4,4,4,4,4,4,4,4,4,4,4,4,4,4,4,4,4,4,4,4,4,4,4,4,4,4,4,2,2,2,2,2,2,2,1,1,1,1,1,1,1,1,1,1,,,,,,,,,,,,,,,,,,,,,,,,,,,,,,,,,,,,,,,,,,,,,,,,,,,,,,,,,,,,,,,,,0
New Caledonia,1,1,1,1,1,1,1,1,1,1,1,1,1,1,1,1,1,1,1,1,1,,,,,,,,,,,,,,,,,,,,,,,,,,,,,,,,,,,,,,,,,,,,,,,,,,,,,,,,,,,,,,,,,,,,,,,,,,,,,,,,,,,,,,,,,,,,,,,,,,,,,,,,,,,0
CuraÃ§ao,0,0,0,0,0,0,0,0,0,0,0,,,,,,,,,,,,,,,,,,,,,,,,,,,,,,,,,,,,,,,,,,,,,,,,,,,,,,,,,,,,,,,,,,,,,,,,,,,,,,,,,,,,,,,,,,,,,,,,,,,,,,,,,,,,,,,,,,,,,0
Dominica,0,0,0,0,0,0,0,0,0,0,0,,,,,,,,,,,,,,,,,,,,,,,,,,,,,,,,,,,,,,,,,,,,,,,,,,,,,,,,,,,,,,,,,,,,,,,,,,,,,,,,,,,,,,,,,,,,,,,,,,,,,,,,,,,,,,,,,,,,,0
Namibia,0,0,0,0,0,0,0,0,0,0,0,,,,,,,,,,,,,,,,,,,,,,,,,,,,,,,,,,,,,,,,,,,1,1,1,1,1,1,1,1,1,1,1,1,1,1,1,1,1,1,1,1,1,1,1,1,1,1,1,1,1,1,1,1,1,1,1,1,1,1,1,1,1,1,13,13,13,13,13,13,13,24,24,24,24,24,24,24,24,24,24,24,22,22,22,11,12,12,14,14,14,14,14,18,18,18,5
Saint Kitts and Nevis,0,0,0,0,0,0,0,0,0,0,0,,,,,,,,,,,,,,,,,,,,,,,,,,,,,,,,,,,,,,,,,,,,,,,,,,,,,,,,,,,,,,,,,,,,,,,,,,,,,,,,,,,,,,,,,,,,,,,,,,,,,,,,,,,,,,,,,,,,,0
Saint Lucia,0,0,0,0,0,0,0,0,0,0,0,,,,,,,,,,,,,,,,,,,,,,,,,,,,,,,,,,,,,,,,,,,,,,,,,,,,,,,,,,,,,,,,,,,,,,,,,,,,,,,,,,,,,,,,,,,,,,,,,,,,,,,,,,,,,,,,,,,,,0
St. Vincent Grenadines,0,0,0,0,0,0,0,0,0,0,0,,,,,,,,,,,,,,,,,,,,,,,,,,,,,,,,,,,,,,,,,,,,,,,,,,,,,,,,,,,,,,,,,,,,,,,,,,,,,,,,,,,,,,,,,,,,,,,,,,,,,,,,,,,,,,,,,,,,,0
Nicaragua,0,0,0,0,0,0,0,0,0,0,0,,,,,,,,,,,,,,,,,,,,,,,,,,,,,,,,,,,,,,,,,,,,,,,,,,,,,,,,,,,,,,,,,,,,,,,,,,,,,,,,,,,,,,,,,,,,,,,,,,,,,,,,,,,,,,,,,,,,,0
Falkland Islands,0,0,0,0,0,0,0,0,0,0,0,,,,,,,,,,,,,,,,,,,,,,,,,,,,,,,,,,,,,,,,,,,,,,,,,,,,,,,,,,,,,,,,,,,,,,,,,,,,,,,,,,,,,,,,,,,,,,,,,,,,,,,,,,,,,,,,,,,,,0
Burundi,0,0,0,0,0,0,0,0,0,0,0,,,,,,,,,,,,,,,,,,,,,,,,,,,,,,,,,,,,,,,,,,,,,,,,,,,,,,,,,,,,,,,,,,,,,,,,,,,,,,,,,,,,,,,,,,,,,,,,,,,,,,,,,,,,,,,,,,,,,0
Montserrat,1,1,1,1,1,1,1,1,1,1,1,1,1,1,1,1,1,1,1,1,1,1,1,1,1,1,1,1,1,1,,,,,,,,,,,,,,,,,,,,,,,,,,,,,,,,,,,,,,,,,,,,,,,,,,,,,,,,,,,,,,,,,,,,,,,,,,,,,,,,,,,,,,,,,,,,,,,,,,0
Turks and Caicos,0,0,0,0,0,0,0,0,0,0,0,,,,,,,,,,,,,,,,,,,,,,,,,,,,,,,,,,,,,,,,,,,,,,,,,,,,,,,,,,,,,,,,,,,,,,,,,,,,,,4,4,4,4,4,1,1,1,1,1,1,1,1,1,1,1,1,1,3,3,3,3,3,3,3,3,3,3,3,3,3,3,3,3,3,3,3,3,3,3
Greenland,0,0,0,0,0,0,0,0,0,0,0,,,,,,,,,,,,,,,,,,,,,,,,,,,,,,,,,,,,,,,,,,,,,,,,,,,,,,,,,,,,,,,,,,,,,,,,,,,,,,,,,,,,,,,,,,,,,,,,,,,,,,,,,,,,,,,,,,,,,0
Seychelles,0,0,0,0,0,0,0,0,0,0,0,,,,,,,,,,,,,,,,,,,,,,,,,,,,,,,,,,,,,,,,,,,,,,,,,,,,,,,,,,,,,,,,,,,,,,,,,,,,,,,,,,,,,,,,,,,,,,,,,,,,,,,,,,,,,,,,,,,,,0
Gambia,0,0,0,0,0,0,0,0,0,0,0,,,,,,,,,,,,,,,,,,,,,,,,,,,,,,,,,,,,,,,,,,,,,,,,,,,,,,,,,,,,,,,,,,,,,,,,,,,,,,,,,,,,,,,,,,,,,,,,,,,,,,,,,,,,,,,,,,,,,0
Suriname,0,0,0,0,0,0,0,0,0,0,0,,,,,,,,,,,,,,,,,,,,,,,,,,,,,,,,,,,,,,,,,,,1,2,2,2,2,2,2,2,2,2,2,2,2,2,2,2,2,7,8,6,6,4,7,8,7,7,6,6,5,7,5,5,4,4,5,6,6,5,8,6,5,5,5,2,2,6,8,7,7,8,11,11,11,10,12,15,12,10,13,9,12,7,13,13,14,15,12,15,15,11,13,13,16,20,20
MS Zaandam,0,0,0,0,0,0,0,0,0,0,0,,,,,,,,,,,,,,,,,,,,,,,,,,,,,,,,,,,,,,,,,,,,,,,,,,,,,,,,,,,,,,,,,,,,,,,,,,,,,,,,,,,,,,,,,,,,,,,,,,,,,,,,,,,,,,,,,,,,,0
Vatican City,0,0,0,0,0,0,0,0,0,0,0,,,,,,,,,,,,,,,,,,,,,,,,,,,,,,,,,,,,,,,,,,,,,,,,,,,,,,,,,,,,,,,,,,,,,,,,,,,,,,,,,,,,,,,,,,,,,,,,,,,,,,,,,,,,,,,,,,,,,0
Papua New Guinea,0,0,0,0,0,0,0,0,0,0,0,,,,,,,,,,,,,,,,,,,,,,,,,,,,,,,,,,,,,,,,,,,,,,,,,,,,,,,,,,,,,,,,,,,,,,,,,,,,,,,,,,,,,,,,,,,,,,,,,,,,,,,,,,,,,,,,,,,,,0
Mauritania,0,0,0,0,0,0,0,0,0,0,0,,,,,,,,,,,,,,,,,,,,,,,,,,,,,,,,,,,,,,,,,7,7,7,11,11,25,25,25,25,25,8,8,8,8,8,11,11,11,20,21,21,21,21,21,21,21,21,21,14,14,14,14,14,5,5,5,6,5,5,5,7,7,8,8,8,4,3,3,3,3,3,3,3,3,3,3,3,3,3,3,3,3,3,3,3,3,3,3,3,3,3,3,3,3,3,3,3
Bhutan,0,0,0,0,0,0,0,0,0,0,0,,,,,,,,,,,,,,,,,,,,,,,,,,,,,,,,,,,,,,,,,,,,,,,,,,,,,,,,,,,,,,,,,,,,,,,,,,,,,,,,,,,,,,,,,,,,,,,,,,,,,,,,,,,,,,,,,,,,,0
British Virgin Islands,0,0,0,0,0,0,0,0,0,0,0,,,,,,,,,,,,,,,,,,,,,,,,,,,,,,,,,,,,,,,,,,,,,,,,,,,,,,,,,,,,,,,,,,,,,,,,,,,,,,,,,,,,,,,,,,,,,,,,,,,,,,,,,,,,,,,,,,,,,0
St. Barth,0,0,0,0,0,0,0,0,0,0,0,,,,,,,,,,,,,,,,,,,,,,,,,,,,,,,,,,,,,,,,,,,,,,,,,,,,,,,,,,,,,,,,,,,,,,,,,,,,,,,,,,,,,,,,,,,,,,,,,,,,,,,,,,,,,,,,,,,,,0
South Sudan,0,0,0,0,0,0,0,0,0,0,0,,,,,,,,,,,,,,,,,,,,,,,,,,,,,,,,,,,,,,,,,,,,,,,,,,,2,2,2,2,2,2,2,1,1,1,1,1,1,1,1,,,,,,,,,,,,,,,,,,,,,,,,,,,,,,,,,,,,,,,,,,,,,,,,,,,,0
Western Sahara,0,0,0,0,0,0,0,0,0,0,0,,,,,,,,,,,,,,,,,,,,,,,,,,,,,,,,,,,,,,,,,,,,,,,,,,,,,,,,,,,,,,,,,,,,,,,,,,,,,,,,,,,,,,,,,,,,,,,,,,,,,,,,,,,,,,,,,,,,,0
Caribbean Netherlands,0,0,0,0,0,0,0,0,0,0,0,,,,,,,,,,,,,,,,,,,,,,,,,,,,,,,,,,,,,,,,,,,,,,,,,,,,,,,,,,,,,,,,,,,,,,,,,,,,,,,,,,,,,,,,,,,,,,,,,,,,,,,,,,,,,,,,,,,,,0
Sao Tome and Principe,0,0,0,0,0,0,0,0,0,0,0,,,,,,,,,,,,,,,,,,,,,,,,,,,,,,,,,,,,,,,,,,,,,,,,,,,,,,,,,,,,,,,,,,,,,,,,,,,,,,,,,,,,,,,,,,,,,,,,,,,,,,,,,,,,,,,,,,,,,0
Anguilla,0,0,0,0,0,0,0,0,0,0,0,,,,,,,,,,,,,,,,,,,,,,,,,,,,,,,,,,,,,,,,,,,,,,,,,,,,,,,,,,,,,,,,,,,,,,,,,,,,,,,,,,,,,,,,,,,,,,,,,,,,,,,,,,,,,,,,,,,,,0
Saint Pierre Miquelon,0,0,0,0,0,0,0,0,0,0,0,,,,,,,,,,,,,,,,,,,,,,,,,,,,,,,,,,,,,,,,,,,,,,,,,,,,,,,,,,,,,,,,,,,,,,,,,,,,,,,,,,,,,,,,,,,,,,,,,,,,,,,,,,,,,,,,,,,,,0
Yemen,0,0,0,0,0,0,0,0,0,0,0,,,,,,,,,,,,,,,,,,,,,,,,,,,,,,,,,,,,,,,,,,,,,,,,,,,,,,,,,,,,,,,,,,,,,,,,,,,,,,,,,,,,,,,,,,,,,,,,,,,,,,,,,,,,,,,,,,,,,0
Tajikistan,,,,,,,,,,,,,,,,,,,,,,,,,,,,,,,,,,,,,,,,,,,,,,,,,,,,,,,,,,,,,,,,,,,,,,,,,,,,,,,,,,,,,,,,,,,,,,,,,,,,,,,,,,,,,,,,,,,,,,,,,,,,,,,,0
Comoros,,,,,,,,,,,,,,,,,,,,,,,,,,,,,,,,,,,,,,,,,,,,,,,,,,,,,,,,,,,,,,,,,,,,,,,,,,,,,,,,,,,,,,,,,,,,,,,,,,,,,,,,,,,,,,,,,,,,,,,,,,,,,,,,0
Lesotho,,,,,,,,,,,,,,,,,,,,,,,,,,,,,,,,,,,,,,,,,,,,,,,,,,,,,,,,,,,,,,,,,,,,,,,,,,,,,,,,,,,,,,,,,,,,,,,,,,,,,,,,,,,,,,,,,,,,,,,,,,,,,,,,0
